Date,IPCA,IPCA_Transportes,IPCA Alimentação_bebidas,INPC_Habitação,IPCA_Saúde_cuidados_pessoais,IPCA_Vestuário,IPCA_Educação,IPCA_Despesas_Pessoais,USDBRL,Reservas Internacionais,Desemprego,SELIC,SalMinimo,PIB Mensal,QteOvos,INPC,IGP_M,IGP_DI,IPC_BR,Produção_Derivados_Petróleo,Consumo_Gasolina,Consumo_Óleo_Combustível,Consumo_Energia_Comercial,Consumo_Energia_Residencial,Consumo_Energia_Total,Estoque_Empregos_Formais_Total,Estoque_Empregos_Formais_Agropecuária,Estoque_Empregos_Formais_Construção,Regime_Inflacao
2012-03-01,-0.08,0.16,0.25,0.48,0.38,-0.61,0.54,0.55,1.8221,365216,8.0,0.82,622.0,397757.8,228521.0,0.18,0.43,0.56,0.6,2169.0,537.0,59.0,7037.0,10271.0,38636.0,37448659.0,1449352.0,2921256.0,Deflação
2012-04-01,0.55,0.1,0.51,0.8,0.96,0.98,0.04,2.23,1.8918,374272,7.8,0.71,622.0,385882.7,223914.0,0.64,0.85,1.02,0.52,2106.0,531.0,64.0,6856.0,9928.0,37996.0,37712269.0,1474134.0,2973494.0,Alta / Acima da Meta
2012-05-01,0.48,-0.58,0.73,0.8,0.66,0.89,-0.01,0.6,2.0223,372409,7.7,0.74,622.0,401863.7,227051.0,0.55,1.02,0.91,0.52,2136.0,527.0,61.0,6417.0,9532.0,36810.0,37908043.0,1527775.0,2999515.0,Meta / Estável
2012-06-01,-0.31,-1.18,0.68,0.28,0.38,0.39,0.06,0.47,2.0213,373910,7.6,0.64,622.0,395379.2,222387.0,0.26,0.66,0.69,0.11,2127.0,538.0,58.0,6282.0,9605.0,36528.0,38071270.0,1592790.0,3010840.0,Deflação
2012-07-01,0.06,-0.03,0.91,0.54,0.36,0.04,0.12,0.91,2.0499,376154,7.5,0.68,622.0,409025.0,231664.0,0.43,1.34,1.52,0.22,2116.0,527.0,62.0,6033.0,9274.0,35917.0,38255266.0,1620105.0,3044862.0,Meta / Estável
2012-08-01,0.44,0.06,0.88,0.22,0.53,0.19,0.51,0.42,2.0372,377221,7.3,0.69,622.0,418752.4,230366.0,0.45,1.43,1.29,0.44,2094.0,559.0,65.0,6303.0,9622.0,37180.0,38408754.0,1605194.0,3065324.0,Meta / Estável
2012-09-01,0.92,-0.08,1.26,0.71,0.32,0.89,0.1,0.73,2.0306,378726,7.1,0.54,622.0,402671.5,220803.0,0.63,0.97,0.88,0.54,2006.0,545.0,59.0,6502.0,9749.0,37662.0,38611093.0,1587871.0,3084309.0,Alta / Acima da Meta
2012-10-01,1.0,0.24,1.36,0.38,0.48,1.09,0.05,0.1,2.0313,377753,6.9,0.61,622.0,431399.9,225089.0,0.71,0.02,-0.31,0.48,2099.0,579.0,75.0,6592.0,9788.0,37796.0,38701236.0,1568318.0,3079914.0,Alta / Acima da Meta
2012-11-01,0.67,0.68,0.79,0.64,0.32,0.86,0.05,0.53,2.1074,378560,6.8,0.55,622.0,426614.9,218468.0,0.54,-0.03,0.25,0.45,2134.0,557.0,106.0,7051.0,10239.0,38644.0,38777393.0,1535746.0,3043092.0,Alta / Acima da Meta
2012-12-01,0.86,0.75,1.03,0.63,0.4,1.11,0.19,1.6,2.0435,373147,6.9,0.55,622.0,413696.7,222568.0,0.74,0.68,0.66,0.66,2198.0,612.0,91.0,7080.0,10133.0,37765.0,38274352.0,1450547.0,2942758.0,Alta / Acima da Meta
2013-01-01,1.03,0.75,1.99,-0.2,0.73,-0.53,0.35,1.55,1.9883,373417,7.2,0.6,678.0,408895.0,229401.0,0.92,0.34,0.31,1.01,2143.0,541.0,121.0,7202.0,10925.0,38391.0,38349966.0,1451786.0,2990273.0,Alta / Acima da Meta
2013-02-01,0.63,0.81,1.45,-2.38,0.65,0.55,5.4,0.57,1.9754,373742,7.8,0.49,678.0,398087.4,212779.0,0.52,0.29,0.2,0.33,2108.0,537.0,102.0,7035.0,10475.0,38029.0,38518814.0,1445103.0,3017057.0,Alta / Acima da Meta
2013-03-01,0.36,-0.09,1.14,0.51,0.32,0.15,0.56,0.54,2.0138,376934,8.0,0.55,678.0,434631.2,228319.0,0.6,0.21,0.31,0.72,1946.0,545.0,93.0,7147.0,10357.0,38468.0,38701832.0,1443894.0,3051157.0,Meta / Estável
2013-04-01,0.23,-0.19,0.96,0.62,1.28,0.65,0.1,0.61,2.0017,378665,7.9,0.61,678.0,446508.0,225709.0,0.59,0.15,-0.06,0.52,2016.0,574.0,88.0,7051.0,10302.0,38674.0,38958057.0,1473933.0,3095992.0,Meta / Estável
2013-05-01,0.23,-0.25,0.31,0.75,0.94,0.84,0.06,0.41,2.1319,374417,7.6,0.6,678.0,441322.0,229956.0,0.35,0.0,0.32,0.32,2084.0,533.0,95.0,6833.0,10242.0,38372.0,39069281.0,1513937.0,3099481.0,Meta / Estável
2013-06-01,0.11,0.14,0.04,0.57,0.36,0.5,0.18,0.4,2.2156,369402,7.5,0.61,678.0,434750.0,225143.0,0.28,0.75,0.76,0.35,2195.0,516.0,94.0,6595.0,10092.0,37654.0,39227350.0,1577454.0,3108926.0,Meta / Estável
2013-07-01,0.11,-0.66,-0.33,0.57,0.34,-0.39,0.11,1.13,2.2903,371966,7.4,0.72,678.0,452593.2,231799.0,-0.13,0.26,0.14,-0.17,2067.0,530.0,55.0,6454.0,10022.0,37724.0,39300567.0,1598471.0,3119269.0,Meta / Estável
2013-08-01,0.39,-0.06,0.01,0.57,0.45,0.08,0.67,0.39,2.3725,367002,7.2,0.71,678.0,453785.4,233710.0,0.16,0.15,0.46,0.2,2098.0,546.0,55.0,6601.0,10280.0,38639.0,39462727.0,1587521.0,3140012.0,Meta / Estável
2013-09-01,0.61,0.44,0.14,0.62,0.46,0.63,0.12,0.2,2.23,368654,7.0,0.71,678.0,447755.6,227231.0,0.27,1.5,1.36,0.3,2183.0,530.0,73.0,6760.0,10251.0,38551.0,39720395.0,1579987.0,3177365.0,Alta / Acima da Meta
2013-10-01,0.96,0.17,1.03,0.56,0.39,1.13,0.09,0.43,2.2026,364505,6.8,0.81,678.0,475721.0,235697.0,0.61,0.86,0.63,0.55,2166.0,555.0,83.0,7071.0,10545.0,39412.0,39851260.0,1558822.0,3181299.0,Alta / Acima da Meta
2013-11-01,0.5,0.36,0.56,0.69,0.41,0.85,0.08,0.87,2.3249,362410,6.5,0.72,678.0,470316.1,228892.0,0.54,0.29,0.28,0.68,2170.0,563.0,93.0,7382.0,10711.0,39945.0,39920621.0,1524368.0,3151356.0,Meta / Estável
2013-12-01,0.68,1.85,0.89,0.52,0.41,0.8,0.05,1.0,2.3426,358808,6.2,0.79,678.0,467254.2,231684.0,0.72,0.6,0.69,0.69,2197.0,588.0,83.0,7572.0,10706.0,39583.0,39412914.0,1440542.0,3050082.0,Alta / Acima da Meta
2014-01-01,0.67,-0.03,0.84,0.55,0.48,-0.15,0.57,1.72,2.4263,360936,6.5,0.85,724.0,453274.1,234110.0,0.63,0.48,0.4,0.99,2134.0,546.0,90.0,7745.0,11798.0,40306.0,39476152.0,1445328.0,3098417.0,Alta / Acima da Meta
2014-02-01,0.26,-0.05,0.56,0.77,0.74,-0.4,5.97,0.69,2.3334,362691,6.8,0.79,724.0,455505.4,218280.0,0.64,0.38,0.85,0.66,2175.0,578.0,110.0,8204.0,11879.0,41566.0,39777546.0,1452418.0,3132594.0,Meta / Estável
2014-03-01,0.8,1.38,1.92,0.33,0.43,0.31,0.53,0.79,2.263,363914,7.2,0.77,724.0,477201.5,235204.0,0.82,1.67,1.48,0.85,2203.0,541.0,101.0,7744.0,11289.0,40273.0,39812651.0,1448259.0,3133024.0,Alta / Acima da Meta
2014-04-01,0.67,0.32,1.19,0.87,1.01,0.47,0.03,0.31,2.236,366717,7.2,0.82,724.0,479725.1,230837.0,0.78,0.78,0.45,0.77,2224.0,592.0,110.0,7588.0,10780.0,39572.0,39945366.0,1464631.0,3141630.0,Alta / Acima da Meta
2014-05-01,0.72,-0.45,0.58,0.61,0.98,0.84,0.13,0.8,2.239,368752,7.0,0.87,724.0,481271.5,236675.0,0.6,-0.13,-0.45,0.52,2278.0,566.0,102.0,7304.0,10877.0,39129.0,40032038.0,1512714.0,3147264.0,Alta / Acima da Meta
2014-06-01,0.36,0.37,-0.11,0.55,0.6,0.49,0.02,1.57,2.2025,373516,6.9,0.82,724.0,461325.2,230856.0,0.26,-0.74,-0.63,0.33,2338.0,543.0,92.0,6862.0,10322.0,37756.0,40082611.0,1555769.0,3137649.0,Meta / Estável
2014-07-01,0.27,-0.98,-0.15,1.2,0.5,-0.24,0.04,0.12,2.2674,376792,7.0,0.95,724.0,486894.3,238941.0,0.13,-0.61,-0.55,0.1,2365.0,555.0,95.0,6773.0,10556.0,37816.0,40113794.0,1568874.0,3143744.0,Meta / Estável
2014-08-01,0.11,0.33,-0.15,0.94,0.41,-0.15,0.43,0.09,2.2396,379157,7.0,0.87,724.0,483786.7,242079.0,0.18,-0.27,0.06,0.12,2423.0,564.0,121.0,6989.0,10542.0,38686.0,40244698.0,1561698.0,3150997.0,Meta / Estável
2014-09-01,0.66,0.63,0.78,0.77,0.33,0.57,0.18,0.39,2.451,375513,6.8,0.91,724.0,491444.5,239075.0,0.49,0.2,0.02,0.49,2455.0,594.0,124.0,7186.0,10576.0,38928.0,40413524.0,1556425.0,3166251.0,Alta / Acima da Meta
2014-10-01,0.38,0.39,0.46,0.68,0.39,0.62,0.11,0.36,2.4442,375833,6.7,0.95,724.0,508979.3,242571.0,0.38,0.28,0.59,0.43,2494.0,609.0,112.0,7615.0,11141.0,40132.0,40396492.0,1537539.0,3131583.0,Meta / Estável
2014-11-01,0.28,0.43,0.77,0.69,0.42,0.39,0.21,0.48,2.5601,375426,6.6,0.84,724.0,498508.5,236903.0,0.53,0.98,1.14,0.65,2457.0,556.0,112.0,7974.0,11382.0,40987.0,40415840.0,1504282.0,3080642.0,Meta / Estável
2014-12-01,0.62,1.38,1.08,0.51,0.47,0.85,0.07,0.7,2.6562,363551,6.6,0.96,724.0,501036.9,239343.0,0.62,0.62,0.38,0.75,2596.0,637.0,111.0,7856.0,11161.0,39884.0,39833604.0,1437850.0,2934985.0,Alta / Acima da Meta
2015-01-01,0.3,1.83,1.48,2.42,0.32,-0.69,0.31,1.68,2.6623,361767,6.9,0.94,788.0,474035.4,238629.0,1.48,0.76,0.67,1.73,2568.0,587.0,99.0,8076.0,12558.0,40716.0,39771779.0,1448145.0,2930773.0,Meta / Estável
2015-02-01,0.59,2.2,0.81,1.22,0.6,-0.6,5.88,0.86,2.8782,362547,7.5,0.82,788.0,467672.6,224224.0,1.16,0.27,0.53,0.97,2528.0,524.0,103.0,8090.0,11780.0,40673.0,39784952.0,1439648.0,2902741.0,Alta / Acima da Meta
2015-03-01,0.57,0.46,1.17,5.29,0.69,0.59,0.75,0.36,3.208,362744,8.0,1.04,788.0,514950.6,243556.0,1.51,0.98,1.21,1.41,2503.0,511.0,97.0,7908.0,11098.0,39721.0,39821017.0,1435033.0,2882310.0,Alta / Acima da Meta
2015-04-01,0.63,0.11,0.97,0.93,1.32,0.91,0.21,0.51,2.9936,364473,8.1,0.95,788.0,496963.4,238572.0,0.71,1.17,0.92,0.61,2484.0,528.0,82.0,7907.0,10890.0,39553.0,39736236.0,1446156.0,2856069.0,Alta / Acima da Meta
2015-05-01,0.79,-0.29,1.37,1.22,1.1,0.61,0.06,0.74,3.1788,366647,8.2,0.99,788.0,491760.7,241805.0,0.99,0.41,0.4,0.72,2498.0,485.0,79.0,7364.0,10542.0,38160.0,39626872.0,1478925.0,2822629.0,Alta / Acima da Meta
2015-06-01,0.68,0.7,0.63,0.86,0.91,0.58,0.2,1.63,3.1026,368668,8.4,1.07,788.0,491245.8,241085.0,0.77,0.67,0.68,0.82,2485.0,512.0,86.0,7073.0,10113.0,37220.0,39528010.0,1525939.0,2797198.0,Alta / Acima da Meta
2015-07-01,0.5,0.15,0.65,1.52,0.84,-0.31,0.0,0.61,3.394,368252,8.6,1.18,788.0,507067.4,250059.0,0.58,0.69,0.58,0.53,2559.0,507.0,75.0,6839.0,10111.0,36778.0,39378653.0,1552875.0,2774382.0,Meta / Estável
2015-08-01,0.42,-0.27,-0.01,0.29,0.62,0.2,0.82,0.75,3.6467,368159,8.8,1.11,788.0,501110.2,254103.0,0.25,0.28,0.4,0.22,2641.0,487.0,78.0,7077.0,10313.0,37809.0,39301333.0,1550020.0,2748003.0,Meta / Estável
2015-09-01,0.46,0.71,0.24,1.3,0.55,0.5,0.25,0.33,3.9729,361370,9.0,1.11,788.0,500050.7,247198.0,0.51,0.95,1.42,0.42,2481.0,507.0,82.0,7161.0,10437.0,37790.0,39213578.0,1548304.0,2718542.0,Meta / Estável
2015-10-01,0.99,1.72,0.77,0.75,0.55,0.67,0.1,0.57,3.8589,361230,9.1,1.11,788.0,520426.3,250883.0,0.77,1.89,1.76,0.76,2496.0,515.0,81.0,7631.0,11133.0,39266.0,39046910.0,1530215.0,2665439.0,Alta / Acima da Meta
2015-11-01,1.14,1.08,1.83,0.76,0.64,0.79,0.22,0.52,3.8506,357016,9.1,1.06,788.0,513877.8,245555.0,1.11,1.52,1.19,1.0,2457.0,497.0,83.0,7791.0,11132.0,39208.0,38913008.0,1507456.0,2602813.0,Alta / Acima da Meta
2015-12-01,0.91,1.36,1.5,0.49,0.7,1.15,0.22,0.57,3.9048,356464,9.1,1.16,788.0,516626.2,251611.0,0.9,0.49,0.44,0.88,2619.0,584.0,77.0,7852.0,11084.0,38629.0,38298615.0,1446210.0,2488984.0,Alta / Acima da Meta
2016-01-01,0.92,1.77,2.28,0.81,0.81,-0.24,0.31,1.19,4.0428,357507,9.6,1.06,880.0,482550.9,253051.0,1.51,1.14,1.53,1.78,2428.0,492.0,76.0,7761.0,11830.0,38441.0,38206342.0,1455173.0,2488985.0,Alta / Acima da Meta
2016-02-01,1.06,0.62,1.06,-0.15,0.94,0.24,5.9,0.77,3.9796,359368,10.3,1.0,880.0,490224.2,244958.0,0.95,1.29,0.79,0.76,2412.0,548.0,67.0,7714.0,11352.0,38757.0,38110008.0,1452924.0,2469627.0,Alta / Acima da Meta
2016-03-01,0.89,0.16,1.24,-0.64,0.78,0.69,0.63,0.6,3.5589,357698,11.0,1.16,880.0,527523.7,259176.0,0.44,0.51,0.43,0.5,2345.0,553.0,59.0,7798.0,11316.0,39480.0,37995486.0,1443136.0,2443606.0,Alta / Acima da Meta
2016-04-01,0.48,0.03,1.09,-0.38,2.33,0.4,0.2,0.23,3.4508,362201,11.3,1.06,880.0,520438.4,252340.0,0.64,0.33,0.36,0.49,2377.0,547.0,63.0,8046.0,11782.0,40308.0,37939664.0,1451730.0,2428044.0,Meta / Estável
2016-05-01,0.7,-0.58,0.78,1.79,1.62,0.91,0.16,1.35,3.5951,363447,11.3,1.11,880.0,516176.5,257356.0,0.98,0.82,1.13,0.64,2587.0,508.0,51.0,7379.0,10932.0,38684.0,37873278.0,1497722.0,2397620.0,Alta / Acima da Meta
2016-06-01,0.56,-0.53,0.71,0.63,0.83,0.32,0.11,0.35,3.2098,364152,11.4,1.16,880.0,522435.2,251190.0,0.47,1.69,1.63,0.26,2659.0,516.0,54.0,6848.0,10614.0,37590.0,37785558.0,1538420.0,2367269.0,Alta / Acima da Meta
2016-07-01,0.93,0.4,1.32,-0.29,0.61,-0.38,0.04,0.7,3.239,369340,11.7,1.11,880.0,522097.4,259346.0,0.64,0.18,-0.39,0.37,2681.0,510.0,43.0,6686.0,10381.0,37299.0,37701318.0,1543555.0,2337450.0,Alta / Acima da Meta
2016-08-01,0.54,0.27,0.3,0.3,0.8,0.15,0.99,0.96,3.2403,369541,11.9,1.22,880.0,530120.4,264536.0,0.31,0.15,0.43,0.32,2714.0,526.0,47.0,6750.0,10428.0,37720.0,37679232.0,1529533.0,2314261.0,Alta / Acima da Meta
2016-09-01,-0.04,-0.1,-0.29,0.63,0.33,0.43,0.18,0.1,3.2462,370417,11.9,1.11,880.0,524952.7,255715.0,0.08,0.2,0.03,0.07,2779.0,549.0,54.0,6998.0,10890.0,38379.0,37646963.0,1520922.0,2284898.0,Deflação
2016-10-01,0.08,0.75,-0.05,0.42,0.43,0.45,0.02,0.01,3.1811,367528,11.9,1.05,880.0,538777.8,267475.0,0.17,0.16,0.13,0.34,2725.0,536.0,65.0,7031.0,10856.0,38233.0,37568198.0,1508368.0,2248112.0,Meta / Estável
2016-11-01,0.12,0.28,-0.2,0.3,0.57,0.2,0.06,0.47,3.3967,365556,12.0,1.04,880.0,545651.9,263381.0,0.07,-0.03,0.05,0.17,2720.0,567.0,50.0,7335.0,11134.0,38787.0,37450164.0,1482199.0,2193855.0,Meta / Estável
2016-12-01,0.32,1.11,0.08,-0.59,0.49,0.32,0.07,1.01,3.2591,365016,12.1,1.12,880.0,548378.8,269312.0,0.14,0.54,0.83,0.33,2847.0,625.0,58.0,7526.0,11357.0,38793.0,36972057.0,1432527.0,2103141.0,Meta / Estável
2017-01-01,0.24,0.77,0.35,0.17,0.55,-0.36,0.29,0.45,3.127,367708,12.7,1.09,937.0,513968.4,270661.0,0.42,0.64,0.43,0.69,2801.0,551.0,48.0,7778.0,11906.0,39391.0,36940982.0,1443959.0,2103996.0,Meta / Estável
2017-02-01,-0.12,0.24,-0.45,0.24,0.65,-0.13,5.04,0.31,3.0993,368981,13.3,0.87,937.0,511050.4,250989.0,0.24,0.08,0.06,0.31,2784.0,582.0,45.0,7684.0,11370.0,38876.0,36990611.0,1450566.0,2091454.0,Deflação
2017-03-01,-0.11,-0.86,0.34,1.18,0.69,-0.12,0.95,0.52,3.1684,370111,13.9,1.05,937.0,560654.6,268896.0,0.32,0.01,-0.38,0.47,2647.0,585.0,60.0,7965.0,12149.0,40588.0,36933017.0,1447581.0,2082258.0,Deflação
2017-04-01,0.01,-0.06,0.58,-1.09,1.0,0.48,0.03,0.09,3.1984,374945,13.7,0.79,937.0,537775.9,269936.0,0.08,-1.1,-1.24,0.12,2649.0,559.0,49.0,7697.0,11135.0,39469.0,37007399.0,1463793.0,2081833.0,Meta / Estável
2017-05-01,0.02,-0.42,-0.35,2.14,0.62,0.98,0.08,0.23,3.2437,376491,13.4,0.93,937.0,549608.5,278764.0,0.36,-0.93,-0.51,0.52,2768.0,561.0,44.0,7248.0,10939.0,38195.0,37052243.0,1512442.0,2078086.0,Meta / Estável
2017-06-01,-0.25,-0.52,-0.5,-0.77,0.46,0.21,0.08,0.33,3.3082,377175,13.1,0.81,937.0,543345.1,271698.0,-0.3,-0.67,-0.96,-0.32,2794.0,576.0,44.0,7010.0,10791.0,38146.0,37069094.0,1551134.0,2068314.0,Deflação
2017-07-01,-0.4,0.34,-0.47,1.64,0.37,-0.42,-0.02,0.36,3.1307,381029,12.9,0.8,937.0,548416.1,281224.0,0.17,-0.72,-0.3,0.38,2734.0,549.0,50.0,6655.0,10429.0,37313.0,37119875.0,1559659.0,2070435.0,Deflação
2017-08-01,-0.34,1.53,-1.07,0.57,0.41,0.29,0.24,0.29,3.1471,381843,12.7,0.8,937.0,555832.2,285160.0,-0.03,0.1,0.24,0.13,2676.0,547.0,80.0,6719.0,10475.0,37890.0,37169317.0,1548079.0,2072853.0,Deflação
2017-09-01,0.0,0.79,-0.41,-0.12,0.32,0.28,0.04,0.56,3.168,381244,12.5,0.64,937.0,544386.9,277524.0,-0.02,0.47,0.62,-0.02,2766.0,536.0,81.0,7115.0,11097.0,39038.0,37218600.0,1539902.0,2073917.0,Meta / Estável
2017-10-01,0.03,0.49,-0.05,1.33,0.52,0.71,0.06,0.32,3.2769,380351,12.3,0.64,937.0,567950.9,288077.0,0.37,0.2,0.1,0.33,2742.0,524.0,87.0,7309.0,11175.0,39385.0,37305525.0,1536875.0,2069439.0,Meta / Estável
2017-11-01,-0.13,0.52,-0.38,1.27,0.34,0.1,0.03,0.42,3.2616,381056,12.1,0.57,937.0,574078.4,282785.0,0.18,0.52,0.8,0.36,2705.0,526.0,72.0,7491.0,11462.0,39866.0,37300724.0,1512762.0,2045283.0,Deflação
2017-12-01,0.49,1.23,0.54,-0.4,0.4,0.84,0.15,0.42,3.308,373972,11.9,0.54,937.0,578411.5,286623.0,0.26,0.89,0.74,0.21,2731.0,571.0,39.0,7620.0,11441.0,39631.0,36960093.0,1466792.0,1987013.0,Meta / Estável
2018-01-01,0.01,1.1,0.74,-0.85,0.42,-0.98,0.22,0.22,3.1624,375701,12.3,0.58,954.0,552496.1,292401.0,0.23,0.76,0.58,0.69,2724.0,502.0,43.0,7612.0,11957.0,40071.0,37051160.0,1482841.0,2005344.0,Meta / Estável
2018-02-01,-0.2,0.74,-0.33,0.22,0.38,-0.38,3.89,0.17,3.2449,377035,12.7,0.47,954.0,540661.1,272981.0,0.18,0.07,0.15,0.17,2729.0,514.0,43.0,7572.0,11659.0,39207.0,37128191.0,1479855.0,2002118.0,Deflação
2018-03-01,-0.13,-0.25,0.07,0.19,0.48,0.33,0.28,0.05,3.3238,379577,13.2,0.53,954.0,588925.9,295614.0,0.07,0.64,0.56,0.17,2672.0,537.0,45.0,7866.0,11950.0,41139.0,37203309.0,1462651.0,2010946.0,Deflação
2018-04-01,-0.01,0.0,0.09,0.17,0.91,0.62,0.08,0.12,3.4811,379979,13.0,0.52,954.0,587232.8,292434.0,0.21,0.57,0.93,0.34,2714.0,516.0,35.0,7847.0,11933.0,40721.0,37334769.0,1466453.0,2028467.0,Deflação
2018-05-01,0.02,0.4,0.32,0.83,0.57,0.58,0.06,0.11,3.737,382549,12.8,0.52,954.0,561800.7,297837.0,0.43,1.38,1.64,0.41,2718.0,454.0,26.0,7418.0,11401.0,39315.0,37377831.0,1497813.0,2032126.0,Meta / Estável
2018-06-01,1.4,1.58,2.03,2.48,0.37,-0.16,0.02,0.33,3.8558,379500,12.6,0.52,954.0,585065.4,289336.0,1.43,1.87,1.48,1.19,2707.0,482.0,30.0,6885.0,11066.0,38234.0,37386228.0,1540911.0,2030466.0,Alta / Acima da Meta
2018-07-01,0.45,0.49,-0.12,1.54,0.07,-0.6,-0.08,0.31,3.7549,379444,12.4,0.54,954.0,592383.1,308691.0,0.25,0.51,0.44,0.17,2690.0,444.0,31.0,6747.0,10791.0,38544.0,37444373.0,1559596.0,2042785.0,Meta / Estável
2018-08-01,0.01,-1.22,-0.34,0.44,0.53,0.19,0.25,0.36,4.1353,381393,12.2,0.57,954.0,598813.1,313597.0,0.0,0.7,0.68,0.07,2614.0,474.0,67.0,6895.0,10809.0,39057.0,37568117.0,1557484.0,2056416.0,Meta / Estável
2018-09-01,0.2,1.69,0.1,0.37,0.28,-0.02,0.24,0.38,4.0039,380738,12.0,0.47,954.0,576659.5,302632.0,0.3,1.52,1.79,0.45,2578.0,442.0,58.0,7031.0,11130.0,39079.0,37719123.0,1556065.0,2069847.0,Meta / Estável
2018-10-01,0.44,0.92,0.59,0.14,0.27,0.33,0.04,0.25,3.7177,380290,11.8,0.54,954.0,611636.4,318198.0,0.4,0.89,0.26,0.48,2717.0,452.0,33.0,7431.0,11527.0,40428.0,37785728.0,1543183.0,2070372.0,Meta / Estável
2018-11-01,-0.61,-0.74,0.39,-0.71,-0.71,-0.43,0.04,0.36,3.8633,379722,11.7,0.49,954.0,607502.7,308724.0,-0.25,-0.49,-1.14,-0.17,2671.0,462.0,34.0,7574.0,11759.0,40441.0,37848896.0,1518740.0,2055098.0,Deflação
2018-12-01,0.13,-0.54,0.44,-0.15,0.32,1.14,0.21,0.29,3.8748,374715,11.7,0.49,954.0,600964.1,314748.0,0.14,-1.08,-0.45,0.29,2794.0,512.0,34.0,7783.0,11719.0,40056.0,37506538.0,1469023.0,1998416.0,Meta / Estável
2019-01-01,0.11,0.02,0.9,0.24,0.26,-1.15,0.12,0.61,3.6519,376984,12.2,0.54,998.0,577587.1,318001.0,0.36,0.01,0.07,0.57,2730.0,463.0,31.0,8125.0,12938.0,41817.0,37551204.0,1477610.0,2016036.0,Meta / Estável
2019-02-01,0.02,-0.34,0.78,0.38,0.49,-0.33,3.53,0.18,3.7385,378448,12.5,0.49,998.0,577929.9,293380.0,0.54,0.88,1.25,0.35,2582.0,485.0,39.0,8209.0,12627.0,41325.0,37743707.0,1476270.0,2029035.0,Meta / Estável
2019-03-01,0.5,1.44,1.37,0.25,0.42,0.45,0.32,0.16,3.8967,384165,12.8,0.47,998.0,602036.5,317665.0,0.77,1.26,1.07,0.65,2655.0,461.0,33.0,8055.0,12384.0,41310.0,37705095.0,1466571.0,2022406.0,Meta / Estável
2019-04-01,0.36,0.94,0.63,0.24,1.51,0.18,0.09,0.17,3.9453,383799,12.6,0.52,998.0,612812.3,316551.0,0.6,0.92,0.9,0.63,2700.0,489.0,35.0,7782.0,11569.0,39886.0,37841479.0,1482333.0,2039016.0,Meta / Estável
2019-05-01,0.14,0.07,-0.56,0.98,0.59,0.34,-0.04,0.16,3.9407,386162,12.4,0.54,998.0,615957.6,320459.0,0.15,0.45,0.4,0.22,2834.0,465.0,32.0,7768.0,11927.0,40659.0,37882153.0,1521548.0,2048681.0,Meta / Estável
2019-06-01,0.11,-0.31,-0.25,0.07,0.64,0.3,0.14,0.15,3.8322,388092,12.1,0.47,998.0,597991.2,310804.0,0.01,0.8,0.63,-0.02,2654.0,452.0,28.0,7141.0,11050.0,38613.0,37941683.0,1546623.0,2062362.0,Meta / Estável
2019-07-01,-0.18,-0.17,0.01,1.2,-0.2,-0.52,0.04,0.44,3.7649,385730,11.9,0.57,998.0,632373.4,325824.0,0.1,0.4,-0.01,0.31,2877.0,478.0,34.0,6915.0,10952.0,38485.0,37993308.0,1552117.0,2083259.0,Deflação
2019-08-01,0.09,-0.39,-0.35,1.19,-0.03,0.23,0.16,0.31,4.1385,386478,11.9,0.5,998.0,630420.9,327973.0,0.12,-0.67,-0.51,0.17,3097.0,482.0,31.0,6946.0,10987.0,38808.0,38121139.0,1549002.0,2101478.0,Meta / Estável
2019-09-01,0.14,0.0,-0.43,0.02,0.58,0.27,0.04,0.04,4.1644,376434,11.9,0.46,998.0,617815.9,320025.0,-0.05,-0.01,0.5,0.0,3038.0,473.0,32.0,7244.0,11379.0,39467.0,38283173.0,1553317.0,2119954.0,Meta / Estável
2019-10-01,0.36,0.45,0.05,-0.61,0.4,0.63,0.03,0.2,4.0041,369836,11.7,0.48,998.0,648268.2,333124.0,0.04,0.68,0.55,-0.09,3075.0,492.0,33.0,7755.0,11973.0,41284.0,38357331.0,1545256.0,2126826.0,Meta / Estável
2019-11-01,0.79,0.3,0.72,0.71,0.21,0.35,0.08,1.24,4.224,366376,11.3,0.38,998.0,637845.9,327260.0,0.54,0.3,0.85,0.49,3203.0,493.0,32.0,8095.0,12424.0,41995.0,38457928.0,1525478.0,2118588.0,Alta / Acima da Meta
2019-12-01,1.95,1.54,3.38,-0.82,0.42,0.0,0.2,0.92,4.0307,356884,11.1,0.37,998.0,638092.0,331071.0,1.22,2.09,1.74,0.77,3216.0,528.0,30.0,8048.0,12201.0,40952.0,38150617.0,1482062.0,2069126.0,Alta / Acima da Meta
2020-01-01,-0.29,0.32,0.39,0.55,-0.32,-0.48,0.16,0.35,4.2695,359394,11.3,0.38,1039.0,614088.0,328200.0,0.19,0.48,0.09,0.59,3283.0,469.0,31.0,8020.0,12909.0,41331.0,38264896.0,1498853.0,2104370.0,Deflação
2020-02-01,0.01,-0.23,0.11,-0.39,0.73,-0.73,3.7,0.31,4.4987,362460,11.7,0.29,1045.0,618978.9,313847.0,0.17,-0.04,0.01,-0.01,3078.0,488.0,30.0,8039.0,12383.0,40997.0,38487001.0,1499481.0,2129662.0,Meta / Estável
2020-03-01,0.13,-0.9,1.13,0.13,0.21,0.21,0.59,-0.23,5.1987,343165,12.4,0.34,1045.0,635027.6,332509.0,0.18,1.24,1.64,0.34,3073.0,399.0,31.0,7816.0,12432.0,41151.0,38129394.0,1487940.0,2106403.0,Meta / Estável
2020-04-01,-0.26,-2.66,1.79,-0.1,-0.22,0.1,0.0,-0.14,5.427,339317,12.7,0.28,1045.0,569042.9,322260.0,-0.23,0.8,0.05,-0.18,3060.0,350.0,33.0,6388.0,12318.0,37266.0,37148062.0,1481164.0,2031101.0,Deflação
2020-05-01,0.05,-1.9,0.24,-0.25,-0.1,-0.58,0.02,-0.04,5.4263,345706,13.1,0.24,1045.0,576151.1,327822.0,-0.25,0.28,1.07,-0.54,2860.0,370.0,33.0,5774.0,11756.0,36134.0,36749913.0,1496054.0,2007132.0,Meta / Estável
2020-06-01,0.43,0.31,0.38,0.04,0.35,-0.46,0.05,-0.05,5.476,348781,13.6,0.21,1045.0,607529.6,327205.0,0.3,1.56,1.6,0.36,3117.0,417.0,27.0,5611.0,11396.0,35782.0,36696537.0,1533764.0,2022723.0,Meta / Estável
2020-07-01,0.64,0.78,0.01,0.8,0.44,-0.52,-0.12,-0.11,5.2033,354664,14.1,0.19,1045.0,644135.3,340544.0,0.44,2.23,2.34,0.49,3181.0,442.0,29.0,5935.0,11707.0,37884.0,36805051.0,1555206.0,2062327.0,Alta / Acima da Meta
2020-08-01,0.71,0.82,0.78,0.36,0.5,-0.78,-3.47,-0.01,5.4713,356092,14.8,0.16,1045.0,637441.2,341405.0,0.36,2.74,3.87,0.53,3191.0,434.0,29.0,6250.0,11852.0,39256.0,37019680.0,1563259.0,2112810.0,Alta / Acima da Meta
2020-09-01,1.52,0.7,2.28,0.37,-0.64,0.37,-0.09,0.09,5.6407,356606,14.9,0.16,1045.0,647747.0,337390.0,0.87,4.34,3.3,0.82,3005.0,479.0,24.0,6666.0,12240.0,40364.0,37319410.0,1568615.0,2160152.0,Alta / Acima da Meta
2020-10-01,1.72,1.19,1.93,0.36,0.28,1.11,-0.04,0.19,5.7718,354546,14.6,0.16,1045.0,673711.0,334160.0,0.89,3.23,3.68,0.65,2962.0,502.0,40.0,7353.0,13090.0,42887.0,37685437.0,1564137.0,2195171.0,Alta / Acima da Meta
2020-11-01,1.61,1.33,2.54,0.44,-0.13,0.07,-0.02,0.01,5.3317,356004,14.3,0.15,1045.0,679814.0,325920.0,0.95,3.28,2.64,0.94,2844.0,492.0,58.0,7150.0,12778.0,41425.0,38061833.0,1542342.0,2211233.0,Alta / Acima da Meta
2020-12-01,1.58,1.36,1.74,2.88,0.4,0.59,0.48,0.65,5.1967,355620,14.2,0.16,1045.0,705930.5,335876.0,1.46,0.96,0.76,1.07,2822.0,551.0,50.0,7520.0,13313.0,42176.0,37905595.0,1513226.0,2160417.0,Alta / Acima da Meta
2021-01-01,0.63,0.41,1.02,-1.07,0.32,-0.07,0.13,0.39,5.4759,355416,14.4,0.15,1100.0,678992.0,336251.0,0.27,2.58,2.91,0.27,2969.0,471.0,59.0,7654.0,13654.0,43080.0,38160151.0,1549752.0,2204763.0,Alta / Acima da Meta
2021-02-01,0.73,2.28,0.27,0.4,0.62,0.38,2.48,0.17,5.5302,356070,14.6,0.13,1100.0,708117.6,313625.0,0.82,2.53,2.71,0.54,2917.0,454.0,42.0,7531.0,12876.0,41489.0,38557998.0,1574595.0,2249905.0,Alta / Acima da Meta
2021-03-01,0.59,3.81,0.13,0.81,-0.02,0.29,-0.52,0.04,5.6973,347413,14.9,0.2,1100.0,769560.5,346913.0,0.86,2.94,2.17,1.0,2939.0,418.0,38.0,8034.0,13256.0,43667.0,38712226.0,1577936.0,2274379.0,Alta / Acima da Meta
2021-04-01,0.47,-0.08,0.4,0.22,1.19,0.47,0.04,0.01,5.4036,350996,14.8,0.21,1100.0,738695.9,335169.0,0.38,1.51,2.22,0.23,3068.0,419.0,34.0,7287.0,13359.0,42662.0,38802532.0,1588294.0,2296685.0,Meta / Estável
2021-05-01,0.98,1.15,0.44,1.78,0.76,0.92,0.06,0.21,5.2322,353448,14.7,0.27,1100.0,730250.5,337423.0,0.96,4.1,3.4,0.81,3020.0,458.0,35.0,6838.0,11974.0,40801.0,39069267.0,1626711.0,2319024.0,Alta / Acima da Meta
2021-06-01,0.8,0.41,0.43,1.1,0.51,1.21,0.05,0.29,5.0022,352486,14.2,0.31,1100.0,734692.3,325862.0,0.6,0.6,0.11,0.64,2989.0,489.0,71.0,6781.0,12013.0,40451.0,39387400.0,1666019.0,2343182.0,Alta / Acima da Meta
2021-07-01,0.56,1.52,0.6,3.1,-0.65,0.53,0.18,0.45,5.1216,355671,13.7,0.36,1100.0,765668.2,339256.0,1.02,0.78,1.45,0.92,3126.0,521.0,71.0,6611.0,11713.0,40210.0,39694418.0,1691691.0,2373736.0,Alta / Acima da Meta
2021-08-01,1.08,1.46,1.39,0.68,-0.04,1.02,0.28,0.64,5.1433,370395,13.2,0.43,1100.0,767593.0,341613.0,0.88,0.66,-0.14,0.71,3072.0,508.0,79.0,6843.0,11850.0,40924.0,40082255.0,1702197.0,2409122.0,Alta / Acima da Meta
2021-09-01,1.11,1.82,1.02,2.56,0.39,0.31,-0.01,0.56,5.4394,368886,12.7,0.44,1100.0,762589.9,334149.0,1.2,-0.64,-0.55,1.43,3086.0,535.0,84.0,7275.0,12611.0,41974.0,40412392.0,1713236.0,2436058.0,Alta / Acima da Meta
2021-10-01,1.22,2.62,1.17,1.04,0.39,1.8,0.06,0.75,5.643,367927,12.1,0.49,1100.0,772164.0,334978.0,1.16,0.64,1.6,0.77,2871.0,530.0,76.0,7489.0,12552.0,42626.0,40665272.0,1707024.0,2451838.0,Alta / Acima da Meta
2021-11-01,0.58,3.35,-0.04,1.03,-0.57,0.95,0.02,0.57,5.6199,367772,11.6,0.59,1100.0,787920.1,332671.0,0.84,0.02,-0.58,1.08,2954.0,526.0,69.0,7485.0,12392.0,41886.0,40979426.0,1687540.0,2460166.0,Alta / Acima da Meta
2021-12-01,1.58,0.58,0.84,0.74,0.75,2.06,0.05,0.56,5.5805,362204,11.1,0.77,1100.0,795898.0,334602.0,0.73,0.87,1.25,0.57,2935.0,603.0,42.0,7959.0,13099.0,42940.0,40688104.0,1659514.0,2405134.0,Alta / Acima da Meta
2022-01-01,1.14,-0.11,1.11,0.16,0.36,1.07,0.25,0.78,5.3574,358398,11.2,0.73,1212.0,722608.9,337476.0,0.67,1.82,2.01,0.49,3130.0,485.0,32.0,7969.0,13064.0,42587.0,40855513.0,1684951.0,2442113.0,Alta / Acima da Meta
2022-02-01,0.95,0.46,1.28,0.54,0.47,0.88,5.61,0.64,5.1394,357740,11.2,0.76,1212.0,754641.0,313382.0,1.0,1.83,1.5,0.28,3007.0,545.0,32.0,7979.0,12920.0,41862.0,41208969.0,1702859.0,2481876.0,Alta / Acima da Meta
2022-03-01,1.4,3.02,2.42,1.15,0.88,1.82,0.15,0.59,4.7378,353169,11.1,0.93,1212.0,842278.3,344080.0,1.71,1.74,2.37,1.35,3084.0,489.0,30.0,8403.0,13921.0,44634.0,41308110.0,1684017.0,2500807.0,Alta / Acima da Meta
2022-04-01,1.42,1.91,2.06,-1.14,1.77,1.26,0.06,0.48,4.9191,345097,10.5,0.83,1212.0,832750.1,336637.0,1.04,1.41,0.41,1.08,3094.0,499.0,30.0,8229.0,12872.0,43272.0,41513592.0,1683881.0,2526296.0,Alta / Acima da Meta
2022-05-01,1.03,1.34,0.48,-1.7,1.01,2.11,0.04,0.52,4.7289,346415,9.8,1.03,1212.0,841170.5,344657.0,0.45,0.52,0.69,0.5,2961.0,508.0,33.0,7602.0,12277.0,42071.0,41791335.0,1712075.0,2560564.0,Alta / Acima da Meta
2022-06-01,0.49,0.57,0.8,0.41,1.24,1.67,0.09,0.49,5.238,341958,9.3,1.02,1212.0,843560.8,336203.0,0.62,0.59,0.62,0.67,2915.0,485.0,32.0,7153.0,11916.0,40951.0,42076589.0,1748134.0,2590867.0,Meta / Estável
2022-07-01,0.24,-4.51,1.3,-1.05,0.49,0.58,0.06,1.13,5.1884,346403,9.1,1.03,1212.0,868858.0,343957.0,-0.6,0.21,-0.38,-1.19,3057.0,528.0,30.0,7158.0,11977.0,41247.0,42301951.0,1764351.0,2623205.0,Meta / Estável
2022-08-01,0.73,-3.37,0.24,0.1,1.31,1.69,0.61,0.54,5.179,339664,8.9,1.17,1212.0,873935.3,351389.0,-0.31,-0.7,-0.55,-0.57,3175.0,568.0,33.0,7308.0,12076.0,42150.0,42590853.0,1772291.0,2659040.0,Alta / Acima da Meta
2022-09-01,0.03,-1.98,-0.51,0.6,0.57,1.77,0.12,0.95,5.4066,327580,8.7,1.07,1212.0,858388.7,341185.0,-0.32,-0.95,-1.22,0.02,3246.0,583.0,36.0,7393.0,12505.0,42327.0,42869418.0,1781981.0,2690738.0,Meta / Estável
2022-10-01,0.81,0.58,0.72,0.34,1.16,1.22,0.18,0.57,5.257,325546,8.3,1.02,1212.0,879589.7,353055.0,0.47,-0.97,-0.62,0.69,3334.0,574.0,34.0,7482.0,12605.0,42527.0,43029935.0,1780138.0,2695711.0,Alta / Acima da Meta
2022-11-01,0.31,0.83,0.53,0.51,0.02,1.1,0.02,0.21,5.2941,331505,8.1,1.02,1212.0,881263.8,345984.0,0.38,-0.56,-0.18,0.57,3179.0,575.0,33.0,7738.0,12950.0,42732.0,43157910.0,1761189.0,2675435.0,Meta / Estável
2022-12-01,1.08,0.21,0.66,0.2,1.6,1.52,0.19,0.62,5.2177,324703,7.9,1.12,1212.0,880631.6,350614.0,0.69,0.45,0.31,0.35,3167.0,657.0,31.0,8080.0,13689.0,43237.0,42703201.0,1722860.0,2598333.0,Alta / Acima da Meta
2023-01-01,0.23,0.55,0.59,0.33,0.16,-0.27,0.36,0.76,5.0993,331122,8.4,1.12,1302.0,810317.4,352466.0,0.46,0.21,0.06,0.8,3355.0,557.0,32.0,8066.0,13070.0,42550.0,42793310.0,1747301.0,2637394.0,Meta / Estável
2023-02-01,0.38,0.37,0.16,0.82,1.26,-0.24,6.28,0.44,5.2078,328098,8.6,0.92,1302.0,831185.6,326468.0,0.77,-0.06,0.04,0.34,3342.0,621.0,34.0,8188.0,13731.0,43028.0,43045772.0,1763727.0,2659920.0,Meta / Estável
2023-03-01,0.06,2.11,0.05,0.57,0.82,0.31,0.1,0.38,5.0804,341158,8.8,1.17,1302.0,939515.0,356903.0,0.64,0.05,-0.34,0.74,3193.0,577.0,34.0,8605.0,14366.0,45730.0,43240825.0,1762289.0,2692448.0,Meta / Estável
2023-04-01,0.26,0.56,0.71,0.48,1.49,0.79,0.09,0.18,5.0007,345725,8.5,0.92,1302.0,910617.7,347007.0,0.53,-0.95,-1.01,0.5,3220.0,563.0,29.0,8540.0,13703.0,44889.0,43422723.0,1763527.0,2719528.0,Meta / Estável
2023-05-01,0.06,-0.57,0.16,0.67,0.93,0.47,0.05,0.64,5.0959,343489,8.3,1.12,1320.0,911300.5,361313.0,0.36,-1.84,-2.33,0.08,3286.0,619.0,31.0,7840.0,13079.0,43174.0,43578906.0,1783162.0,2747166.0,Meta / Estável
2023-06-01,-0.74,-0.41,-0.66,0.69,0.11,0.35,0.06,0.36,4.8192,343620,8.0,1.07,1320.0,905661.7,349427.0,-0.1,-1.93,-1.45,-0.1,3444.0,588.0,33.0,7601.0,12839.0,42667.0,43734738.0,1810733.0,2767921.0,Deflação
2023-07-01,-0.09,1.5,-0.46,-1.01,0.26,-0.24,0.13,0.38,4.7415,345476,7.9,1.07,1320.0,921169.7,361763.0,-0.09,-0.72,-0.4,0.07,3594.0,561.0,31.0,7299.0,12583.0,42023.0,43877128.0,1823947.0,2793162.0,Deflação
2023-08-01,0.01,0.34,-0.85,1.11,0.58,0.54,0.69,0.38,4.9219,344177,7.8,1.14,1320.0,932674.2,368889.0,0.2,-0.14,0.05,-0.22,3541.0,577.0,31.0,7679.0,12999.0,43441.0,44097058.0,1829041.0,2821091.0,Meta / Estável
2023-09-01,-0.33,1.4,-0.71,0.47,0.04,0.38,0.05,0.45,5.0076,340324,7.7,0.97,1320.0,915601.5,355788.0,0.11,0.37,0.45,0.27,3758.0,566.0,33.0,8012.0,13685.0,44487.0,44301859.0,1835010.0,2840870.0,Deflação
2023-10-01,0.25,0.35,0.31,0.02,0.32,0.45,0.05,0.27,5.0575,340247,7.6,1.0,1320.0,952738.2,361080.0,0.12,0.5,0.51,0.45,3613.0,550.0,32.0,8426.0,14420.0,46083.0,44489120.0,1833383.0,2851547.0,Meta / Estável
2023-11-01,-0.14,0.27,0.63,0.48,0.08,-0.35,0.02,0.58,4.9355,348406,7.5,0.92,1320.0,961722.1,353369.0,0.1,0.59,0.5,0.27,3760.0,562.0,37.0,8639.0,14941.0,46677.0,44610625.0,1811895.0,2832255.0,Deflação
2023-12-01,0.59,0.48,1.11,0.34,0.35,0.7,0.24,0.48,4.8413,355034,7.4,0.89,1320.0,950841.0,356329.0,0.55,0.74,0.64,0.29,3668.0,610.0,36.0,9019.0,15319.0,47235.0,44159067.0,1758033.0,2754964.0,Alta / Acima da Meta
2024-01-01,0.66,-0.65,1.38,0.25,0.83,0.14,0.33,0.82,4.9535,355066,7.6,0.97,1412.0,891971.2,374345.0,0.57,0.07,-0.27,0.61,3601.0,550.0,34.0,8983.0,15446.0,46978.0,44332327.0,1780501.0,2802078.0,Alta / Acima da Meta
2024-02-01,0.41,0.72,0.95,0.27,0.65,-0.44,4.98,0.05,4.9833,352705,7.8,0.8,1412.0,903490.3,356641.0,0.81,-0.52,-0.41,0.55,3529.0,517.0,33.0,8927.0,15208.0,46376.0,44640138.0,1784199.0,2836772.0,Meta / Estável
2024-03-01,0.06,-0.33,0.53,0.19,0.43,0.03,0.14,0.33,4.9962,355008,7.9,0.83,1412.0,969371.1,373789.0,0.19,-0.47,-0.3,0.1,3431.0,537.0,35.0,9142.0,15610.0,47958.0,44885767.0,1778297.0,2865032.0,Meta / Estável
2024-04-01,0.25,0.14,0.7,-0.01,1.16,0.55,0.05,0.1,5.1718,351599,7.5,0.89,1412.0,992674.4,386502.0,0.37,0.31,0.72,0.42,3271.0,558.0,31.0,9063.0,14947.0,47401.0,45126112.0,1785083.0,2896221.0,Meta / Estável
2024-05-01,0.26,0.44,0.62,0.67,0.69,0.5,0.09,0.22,5.2416,355560,7.1,0.83,1412.0,965547.0,395943.0,0.46,0.89,0.87,0.53,3397.0,540.0,28.0,8851.0,14842.0,47114.0,45265894.0,1805780.0,2915114.0,Meta / Estável
2024-06-01,0.11,-0.19,0.44,0.25,0.54,0.02,0.06,0.29,5.5589,357827,6.9,0.79,1412.0,976537.3,386183.0,0.25,0.81,0.5,0.22,3492.0,538.0,27.0,8354.0,13970.0,45639.0,45472529.0,1833449.0,2936391.0,Meta / Estável
2024-07-01,0.16,1.82,-1.0,0.77,0.22,-0.02,0.08,0.52,5.6621,363282,6.8,0.91,1412.0,1018101.8,406731.0,0.26,0.61,0.83,0.54,3309.0,558.0,28.0,7880.0,13431.0,44924.0,45664312.0,1840644.0,2956136.0,Meta / Estável
2024-08-01,0.39,0.0,-0.44,-0.51,0.25,0.39,0.73,0.25,5.6562,369214,6.6,0.87,1412.0,1004156.5,404641.0,-0.14,0.29,0.12,-0.16,3418.0,564.0,32.0,8045.0,13745.0,46143.0,45903670.0,1842692.0,2970000.0,Meta / Estável
2024-09-01,0.58,0.14,0.5,1.8,0.46,0.18,0.05,-0.31,5.4481,372016,6.4,0.84,1412.0,993677.6,394019.0,0.48,0.62,1.03,0.63,3546.0,559.0,34.0,8281.0,14209.0,46414.0,46155971.0,1840975.0,2987110.0,Alta / Acima da Meta
2024-10-01,0.77,-0.38,1.06,1.49,0.38,0.37,0.04,0.7,5.7779,366096,6.2,0.93,1412.0,1044594.0,408970.0,0.61,1.52,1.54,0.3,3341.0,582.0,30.0,8820.0,15079.0,48006.0,46287599.0,1835512.0,2986159.0,Alta / Acima da Meta
2024-11-01,1.06,0.89,1.55,-1.53,-0.06,-0.12,-0.04,1.43,6.0535,363003,6.1,0.79,1412.0,1019406.5,397488.0,0.33,1.3,1.18,-0.13,3383.0,572.0,30.0,8793.0,14801.0,47380.0,46393829.0,1816273.0,2955606.0,Alta / Acima da Meta
2024-12-01,1.2,0.67,1.18,-0.56,0.38,1.14,0.11,0.62,6.1923,329730,6.2,0.93,1412.0,999722.8,403095.0,0.48,0.94,0.87,0.31,3488.0,609.0,22.0,8953.0,15230.0,47382.0,45838779.0,1769380.0,2864450.0,Alta / Acima da Meta
2025-01-01,0.66,1.3,0.96,-3.08,0.7,-0.14,0.26,0.51,5.8301,328303,6.5,1.01,1518.0,957098.8,409792.0,0.0,0.27,0.11,0.02,3516.0,569.0,22.0,8982.0,15695.0,47597.0,45993647.0,1806518.0,2903762.0,Alta / Acima da Meta
2025-02-01,0.52,0.61,0.7,4.44,0.49,0.0,4.7,0.13,5.8488,332508,6.8,0.99,1518.0,995309.7,381703.0,1.48,1.06,1.0,1.18,3557.0,560.0,25.0,9294.0,16037.0,48251.0,46434401.0,1826947.0,2943769.0,Alta / Acima da Meta
2025-03-01,0.45,0.46,1.17,0.24,0.43,0.59,0.1,0.7,5.7422,336157,7.0,0.96,1518.0,1072314.4,418766.0,0.51,-0.34,-0.5,0.44,3695.0,548.0,18.0,9438.0,16498.0,50066.0,46514637.0,1821966.0,2965935.0,Meta / Estável
2025-04-01,0.57,-0.38,0.82,0.14,1.18,1.02,0.05,0.54,5.6608,340789,6.6,1.06,1518.0,1087642.9,413619.0,0.48,0.24,0.3,0.52,3710.0,584.0,18.0,9077.0,14859.0,47832.0,46752989.0,1825744.0,2997263.0,Alta / Acima da Meta
2025-05-01,0.19,-0.37,0.17,1.19,0.54,0.41,0.05,0.35,5.7087,341459,6.2,1.14,1518.0,1061956.0,422402.0,0.35,-0.49,-0.85,0.34,3756.0,564.0,18.0,8549.0,14614.0,47015.0,46906157.0,1844185.0,3013303.0,Meta / Estável
2025-06-01,-0.07,0.27,-0.18,0.99,0.07,0.75,0.0,0.23,5.4571,344440,5.8,1.1,1518.0,1050746.1,407026.0,0.23,-1.67,-1.8,0.16,3829.0,567.0,17.0,8108.0,13789.0,45314.0,47068217.0,1870774.0,3023108.0,Deflação
2025-07-01,-0.14,0.35,-0.27,0.91,0.45,-0.54,0.02,0.76,5.6021,345111,5.6,1.28,1518.0,1094281.9,415751.0,0.21,-0.77,-0.07,0.37,4032.0,580.0,17.0,7850.0,13893.0,45185.0,47202149.0,1880231.0,3041933.0,Deflação
2025-08-01,-0.02,-0.27,-0.46,-0.9,0.54,0.72,0.75,0.4,5.4264,350767,5.6,1.16,1518.0,1065938.0,413695.0,-0.21,0.36,0.2,-0.44,3992.0,573.0,16.0,7967.0,13983.0,45891.0,47355965.0,1877912.0,3059446.0,Deflação
2025-09-01,0.08,0.01,-0.26,2.97,0.17,0.63,0.07,0.51,5.3186,356582,5.6,1.22,1518.0,1075487.7,412194.0,0.52,0.42,0.36,0.65,4010.0,604.0,18.0,8233.0,14384.0,46327.0,47570008.0,1881326.0,3082922.0,Meta / Estável
2025-10-01,-0.02,0.11,0.01,-0.3,0.41,0.51,0.06,0.45,5.3843,357103,5.4,1.28,1518.0,1109215.3,425199.0,0.03,-0.36,-0.03,0.14,4127.0,614.0,19.0,8627.0,14996.0,47850.0,47663034.0,1872022.0,3081053.0,Deflação
2025-11-01,-0.12,0.22,-0.01,0.52,-0.04,0.49,0.01,0.77,5.3338,360578,5.2,1.05,1518.0,1084265.8,412484.0,0.03,0.27,0.01,0.28,3867.0,589.0,17.0,8758.0,14983.0,47730.0,47745037.0,1855607.0,3056462.0,Deflação
2025-12-01,0.53,0.74,0.27,-0.33,0.52,0.45,0.08,0.36,5.5024,358234,5.1,1.22,1518.0,1084309.1,421490.0,0.21,-0.01,0.1,0.28,4115.0,687.0,18.0,9147.0,15917.0,48173.0,47110663.0,1811258.0,2950350.0,Alta / Acima da Meta
2026-01-01,0.41,0.6,0.23,-0.11,0.7,-0.25,0.02,0.41,5.2301,364367,5.4,1.16,1621.0,1026679.8,415769.0,0.39,0.41,0.2,0.59,4049.0,580.0,17.0,9353.0,16990.0,49157.0,47228461.0,1835302.0,3000807.0,Meta / Estável
2026-02-01,0.15,0.74,0.26,0.3,0.59,0.16,5.21,0.33,5.1495,371074,5.8,1.0,1621.0,1050684.3,382716.0,0.56,-0.73,-0.84,-0.14,4161.0,617.0,16.0,9159.0,15796.0,47375.0,47496662.0,1844348.0,3032320.0,Meta / Estável
2026-03-01,0.42,1.64,1.56,0.22,0.42,0.46,0.02,0.65,5.2194,362002,6.1,1.21,1621.0,1173614.7,416503.0,0.91,0.52,1.14,0.67,4357.0,618.0,16.0,9402.0,16070.0,48937.0,47725367.0,1826577.0,3070055.0,Meta / Estável
2026-04-01,0.62,0.06,1.34,0.63,1.16,0.52,0.06,0.35,4.9886,366913,5.8,1.09,1621.0,1160675.4,416503.0,0.81,2.73,2.41,0.88,4443.0,603.0,15.0,9584.0,16153.0,49635.0,47805258.0,1818124.0,3092272.0,Alta / Acima da Meta
2026-05-01,0.43,-0.46,1.33,1.22,0.9,0.62,0.0,0.41,5.0569,371137,5.6,1.07,1621.0,1131023.2,416503.0,0.65,0.84,0.87,0.6,4443.0,603.0,15.0,8983.0,15223.0,48035.0,47887254.0,1829309.0,3104893.0,Meta / Estável
2026-06-01,-0.21,0.17,-0.24,0.63,0.23,0.17,-0.02,0.25,5.1766,367558,5.4,1.12,1621.0,1134029.1,416503.0,0.14,-0.5,-0.79,0.36,4443.0,603.0,15.0,8420.0,14386.0,46203.0,48024298.0,1852841.0,3118108.0,Deflação
2026-07-01,-0.17,0.05,-0.67,0.99,0.4,-0.66,-0.03,0.22,5.0773,369742,5.3,1.22,1621.0,1162537.4,416503.0,-0.01,-1.16,-0.86,-0.08,4443.0,603.0,15.0,8345.0,14860.0,46841.0,48082866.0,1865364.0,3130799.0,Deflação
2026-08-01,0.38,-0.86,-0.34,-1.87,0.23,0.12,0.47,1.3,5.1816,372616,5.3,1.09,1621.0,1149930.8,416503.0,-0.32,-0.22,0.06,-0.37,4443.0,603.0,15.0,8345.0,14860.0,46841.0,48082866.0,1865364.0,3130799.0,Meta / Estável
