,DATE,Inflacao_CPI,Inflacao_CPI_Core,PCE_Core,Desemprego,Desemprego_menos_27_semanas,Taxa_Juros_Fed,Emprego_Total_Nao_Agricola,Permissoes_Construcao,Salario_Medio,Salario_Medio_Real_Hora,Producao_Industrial,Capacidade_Instalada,PCE,Deflator_PIB,PIB_Real,PIB,Indice_Dolar,TIPS_5_anos_nominal,TIPS_5_anos_infl_ajustado
0,2010-01-01,216.687,220.633,89.368,9.8,22.3,0.11,129802,636,22.41,18.88,89.1897,70.7084,90.177,89.036,16582.71,14764.61,87.889,2.65,0.52
1,2010-02-01,216.741,220.731,89.446,9.8,22.4,0.13,129705,650,22.46,18.91,89.5046,71.1021,90.177,89.036,16582.71,14764.61,89.8344,2.38,0.39
2,2010-03-01,217.631,220.783,89.579,9.9,21.7,0.16,129865,687,22.46,18.92,90.1356,71.7572,90.177,89.036,16582.71,14764.61,90.5404,2.28,0.45
3,2010-04-01,218.009,220.822,89.625,9.9,20.7,0.2,130120,637,22.49,18.96,90.4607,72.1775,90.317,89.471,16743.162,14980.193,89.747,2.59,0.74
4,2010-05-01,218.178,220.962,89.724,9.6,21.1,0.2,130643,575,22.51,19.01,91.7014,73.3305,90.317,89.471,16743.162,14980.193,91.1109,2.47,0.47
5,2010-06-01,217.965,221.194,89.767,9.4,21.4,0.18,130509,587,22.53,19.03,91.9033,73.6492,90.317,89.471,16743.162,14980.193,94.9154,2.09,0.41
6,2010-07-01,218.011,221.363,89.769,9.4,20.5,0.18,130415,579,22.59,19.04,92.2549,74.0764,90.49,89.743,16872.266,15141.607,93.5681,1.8,0.32
7,2010-08-01,218.312,221.509,89.855,9.5,24.2,0.19,130416,580,22.62,19.11,92.5936,74.479,90.49,89.743,16872.266,15141.607,89.6152,1.64,0.14
8,2010-09-01,218.439,221.711,89.906,9.5,22.7,0.19,130342,563,22.67,19.11,92.8533,74.8001,90.49,89.743,16872.266,15141.607,91.1432,1.41,0.2
9,2010-10-01,218.711,221.83,90.043,9.4,22.9,0.19,130621,558,22.74,19.21,92.6033,74.6921,91.07,90.264,16960.864,15309.474,87.3305,1.26,-0.07
10,2010-11-01,218.803,222.149,90.16,9.8,22.2,0.19,130749,560,22.73,19.21,92.6686,74.8191,91.07,90.264,16960.864,15309.474,86.3123,1.17,-0.34
11,2010-12-01,219.179,222.343,90.179,9.3,22.0,0.18,130830,632,22.76,19.23,93.5916,75.6199,91.07,90.264,16960.864,15309.474,88.9792,1.64,0.04
12,2011-01-01,220.223,222.803,90.372,9.1,21.5,0.17,130837,576,22.87,19.33,93.3889,75.4919,91.835,90.726,16920.632,15351.448,86.9933,2.02,0.2
13,2011-02-01,221.309,223.213,90.53,9.0,22.7,0.16,131056,542,22.87,19.31,93.0045,75.1957,91.835,90.726,16920.632,15351.448,85.7003,2.02,0.01
14,2011-03-01,223.467,223.454,90.667,9.0,21.8,0.14,131282,583,22.87,19.3,93.9684,75.9692,91.835,90.726,16920.632,15351.448,85.0662,2.11,-0.06
15,2011-04-01,224.906,223.727,90.875,9.1,21.7,0.1,131597,581,22.91,19.36,93.6571,75.6918,92.738,91.326,17035.114,15557.539,84.2164,2.24,-0.01
16,2011-05-01,225.964,224.175,91.091,9.0,21.1,0.09,131704,618,22.97,19.41,93.7723,75.7389,92.738,91.326,17035.114,15557.539,81.3834,1.96,-0.48
17,2011-06-01,225.722,224.697,91.191,9.1,21.2,0.09,131931,636,23.01,19.41,94.0493,75.8967,92.738,91.326,17035.114,15557.539,82.9424,1.6,-0.39
18,2011-07-01,225.922,225.218,91.326,9.0,21.3,0.07,131993,621,23.11,19.48,94.4958,76.1727,93.167,91.876,17031.313,15647.68,82.7141,1.8,-0.25
19,2011-08-01,226.545,225.862,91.508,9.0,21.5,0.1,132125,647,23.07,19.47,95.0974,76.557,93.167,91.876,17031.313,15647.68,82.2973,1.32,-0.75
20,2011-09-01,226.889,226.118,91.57,9.0,20.7,0.08,132344,610,23.11,19.49,95.0244,76.3854,93.167,91.876,17031.313,15647.68,82.6987,0.9,-0.82
21,2011-10-01,226.421,226.506,91.614,8.8,23.7,0.07,132553,671,23.18,19.56,95.6891,76.7959,93.475,91.985,17222.583,15842.259,87.9961,0.87,-0.61
22,2011-11-01,226.23,226.899,91.808,8.6,22.1,0.08,132690,706,23.19,19.56,95.6778,76.6551,93.475,91.985,17222.583,15842.259,86.1092,0.9,-0.92
23,2011-12-01,225.672,227.405,91.96,8.5,21.9,0.07,132888,697,23.22,19.57,96.1809,76.9204,93.475,91.985,17222.583,15842.259,86.6432,0.97,-0.79
24,2012-01-01,226.665,227.877,92.235,8.3,22.7,0.08,133245,712,23.26,19.59,96.7595,77.2407,94.094,92.525,17367.01,16068.805,87.3475,0.89,-0.77
25,2012-02-01,227.663,228.034,92.364,8.3,22.3,0.1,133508,738,23.28,19.58,97.0662,77.3425,94.094,92.525,17367.01,16068.805,86.4129,0.72,-1.17
26,2012-03-01,229.392,228.478,92.521,8.2,22.0,0.13,133748,806,23.36,19.64,96.5609,76.798,94.094,92.525,17367.01,16068.805,86.4083,0.89,-1.1
27,2012-04-01,230.085,228.905,92.661,8.2,22.9,0.14,133825,732,23.38,19.67,97.251,77.2057,94.321,92.907,17444.525,16207.115,86.7957,1.03,-1.01
28,2012-05-01,229.815,229.224,92.755,8.2,23.8,0.16,133933,796,23.41,19.68,97.4595,77.233,94.321,92.907,17444.525,16207.115,86.4509,0.84,-1.22
29,2012-06-01,229.478,229.623,92.85,8.2,22.0,0.16,134012,794,23.46,19.71,97.4768,77.1126,94.321,92.907,17444.525,16207.115,90.5329,0.62,-1.03
30,2012-07-01,229.104,229.97,92.946,8.2,23.6,0.16,134157,849,23.49,19.75,97.6714,77.1378,94.595,93.417,17469.65,16319.541,89.3768,0.67,-1.04
31,2012-08-01,230.379,230.233,93.005,8.1,22.5,0.13,134338,840,23.49,19.74,97.2734,76.6993,94.595,93.417,17469.65,16319.541,89.4427,0.63,-1.22
32,2012-09-01,231.407,230.659,93.119,7.8,23.2,0.14,134517,930,23.57,19.79,97.2217,76.5385,94.595,93.417,17469.65,16319.541,88.1965,0.62,-1.35
33,2012-10-01,231.317,231.024,93.345,7.8,23.3,0.16,134668,887,23.56,19.79,97.5311,76.6654,95.126,93.885,17489.852,16420.419,86.957,0.62,-1.49
34,2012-11-01,230.221,231.33,93.445,7.7,23.2,0.16,134825,917,23.63,19.85,97.9084,76.849,95.126,93.885,17489.852,16420.419,87.5995,0.73,-1.4
35,2012-12-01,229.601,231.725,93.514,7.9,23.6,0.16,135074,941,23.72,19.91,98.1884,76.9607,95.126,93.885,17489.852,16420.419,87.4882,0.63,-1.41
36,2013-01-01,230.28,232.229,93.703,8.0,25.0,0.14,135257,940,23.75,19.94,98.1736,76.8466,95.459,94.258,17662.4,16648.189,87.5801,0.76,-1.36
37,2013-02-01,232.166,232.569,93.805,7.7,23.4,0.15,135545,980,23.77,19.99,98.6434,77.1172,95.459,94.258,17662.4,16648.189,87.7416,0.88,-1.46
38,2013-03-01,232.773,232.794,93.891,7.5,24.2,0.14,135689,936,23.8,20.01,99.047,77.3418,95.459,94.258,17662.4,16648.189,91.0456,0.75,-1.45
39,2013-04-01,232.531,232.832,93.937,7.6,24.6,0.15,135873,1012,23.87,20.04,98.9445,77.1785,95.508,94.461,17709.671,16728.687,90.8678,0.76,-1.47
40,2013-05-01,232.945,232.996,94.047,7.5,22.6,0.11,136095,1003,23.89,20.04,99.0383,77.1749,95.508,94.461,17709.671,16728.687,90.0799,0.65,-1.33
41,2013-06-01,233.504,233.35,94.209,7.5,24.2,0.09,136279,942,23.96,20.13,99.2221,77.2476,95.508,94.461,17709.671,16728.687,91.5062,1.03,-0.86
42,2013-07-01,233.596,233.88,94.329,7.3,24.5,0.09,136391,997,23.98,20.14,98.8987,76.9323,95.901,94.924,17860.45,16953.838,92.4816,1.39,-0.41
43,2013-08-01,233.877,234.336,94.431,7.2,24.1,0.08,136646,964,24.02,20.17,99.4897,77.3333,95.901,94.924,17860.45,16953.838,91.7203,1.49,-0.45
44,2013-09-01,234.149,234.7,94.543,7.2,24.0,0.08,136821,1004,24.06,20.23,100.021,77.6904,95.901,94.924,17860.45,16953.838,92.1176,1.68,-0.08
45,2013-10-01,233.546,234.921,94.703,7.2,23.5,0.09,137041,1044,24.09,20.25,99.9037,77.5455,96.254,95.426,18016.147,17192.019,89.828,1.42,-0.35
46,2013-11-01,233.069,235.359,94.86,6.9,24.1,0.08,137316,1029,24.16,20.31,100.1582,77.6904,96.254,95.426,18016.147,17192.019,90.5293,1.37,-0.33
47,2013-12-01,233.049,235.759,94.961,6.7,24.4,0.09,137373,1005,24.18,20.34,100.374,77.8052,96.254,95.426,18016.147,17192.019,91.2574,1.43,-0.27
48,2014-01-01,233.916,235.961,95.064,6.6,23.8,0.07,137561,976,24.23,20.39,99.9899,77.4541,96.696,95.788,17953.974,17197.738,91.184,1.72,0.01
49,2014-02-01,234.781,236.185,95.109,6.7,25.0,0.07,137712,1039,24.33,20.51,100.7471,77.9861,96.696,95.788,17953.974,17197.738,92.3736,1.44,-0.26
50,2014-03-01,236.293,236.625,95.25,6.7,24.6,0.08,137985,1067,24.31,20.5,101.7435,78.7,96.696,95.788,17953.974,17197.738,91.7364,1.46,-0.32
51,2014-04-01,237.072,237.072,95.413,6.2,24.3,0.09,138297,1090,24.34,20.52,101.8273,78.7032,97.129,96.33,18185.911,17518.508,91.3963,1.74,0.03
52,2014-05-01,237.9,237.529,95.574,6.3,24.2,0.09,138512,1018,24.4,20.53,102.2392,78.9551,97.129,96.33,18185.911,17518.508,90.783,1.66,-0.3
53,2014-06-01,238.343,237.837,95.682,6.1,25.6,0.1,138849,1010,24.46,20.6,102.5774,79.1445,97.129,96.33,18185.911,17518.508,91.4454,1.6,-0.33
54,2014-07-01,238.25,238.195,95.848,6.2,25.1,0.09,139073,1076,24.48,20.61,102.7954,79.236,97.394,96.726,18406.941,17804.228,90.2028,1.66,-0.34
55,2014-08-01,237.852,238.405,95.885,6.1,25.2,0.09,139269,1047,24.54,20.66,102.6322,79.0306,97.394,96.726,18406.941,17804.228,91.9468,1.67,-0.25
56,2014-09-01,238.031,238.786,96.013,5.9,27.5,0.09,139563,1077,24.55,20.66,102.9417,79.1927,97.394,96.726,18406.941,17804.228,93.3703,1.69,-0.07
57,2014-10-01,237.433,239.191,96.096,5.7,25.3,0.09,139797,1094,24.58,20.7,102.9611,79.1358,97.265,96.822,18500.031,17912.079,96.4456,1.69,0.09
58,2014-11-01,236.151,239.458,96.181,5.8,26.4,0.09,140090,1059,24.66,20.77,103.5978,79.5592,97.265,96.822,18500.031,17912.079,97.9749,1.63,0.08
59,2014-12-01,234.812,239.584,96.249,5.6,26.5,0.12,140364,1072,24.63,20.71,103.6151,79.5137,97.265,96.822,18500.031,17912.079,98.7226,1.52,0.13
60,2015-01-01,233.707,239.811,96.214,5.7,26.2,0.11,140568,1049,24.75,20.8,102.7923,78.8301,96.829,96.769,18666.621,18063.529,102.0577,1.61,0.31
61,2015-02-01,234.722,240.172,96.324,5.5,26.0,0.11,140827,1127,24.8,20.84,102.1366,78.2911,96.829,96.769,18666.621,18063.529,106.1458,1.19,-0.13
62,2015-03-01,236.119,240.755,96.47,5.4,27.0,0.11,140923,1072,24.85,20.91,101.7869,77.9964,96.829,96.769,18666.621,18063.529,106.8022,1.57,0.03
63,2015-04-01,236.599,241.346,96.648,5.4,26.9,0.12,141196,1166,24.89,20.92,101.2255,77.5449,97.312,97.325,18782.243,18279.784,109.127,1.32,-0.26
64,2015-05-01,237.805,241.688,96.766,5.6,28.7,0.12,141538,1272,24.97,20.98,100.7675,77.1821,97.312,97.325,18782.243,18279.784,106.0122,1.5,-0.22
65,2015-06-01,238.638,242.064,96.882,5.3,29.0,0.13,141709,1379,24.97,21.0,100.4588,76.9429,97.312,97.325,18782.243,18279.784,108.5802,1.55,0.0
66,2015-07-01,238.654,242.565,96.978,5.2,27.1,0.13,141991,1140,25.01,21.03,101.0893,77.4307,97.565,97.583,18857.418,18401.626,107.3891,1.7,0.1
67,2015-08-01,238.316,242.817,97.056,5.1,29.6,0.14,142125,1165,25.09,21.11,100.9165,77.308,97.565,97.583,18857.418,18401.626,109.7224,1.52,0.21
68,2015-09-01,237.945,243.316,97.196,5.0,28.5,0.14,142275,1144,25.11,21.09,100.633,77.1039,97.565,97.583,18857.418,18401.626,108.4947,1.49,0.31
69,2015-10-01,237.838,243.768,97.228,5.0,28.5,0.12,142579,1160,25.2,21.19,100.1563,76.752,97.49,97.581,18892.206,18435.137,109.0188,1.37,0.24
70,2015-11-01,237.336,244.241,97.332,5.1,28.6,0.12,142808,1244,25.25,21.21,99.4366,76.2118,97.49,97.581,18892.206,18435.137,109.2666,1.57,0.34
71,2015-12-01,236.525,244.547,97.396,5.0,27.6,0.24,143077,1211,25.25,21.23,98.9471,75.845,97.49,97.581,18892.206,18435.137,112.2377,1.59,0.3
72,2016-01-01,236.916,244.955,97.567,4.8,29.8,0.34,143210,1171,25.37,21.31,99.4391,76.2263,97.538,97.496,19001.69,18525.933,112.7218,1.73,0.42
73,2016-02-01,237.111,245.51,97.736,4.9,28.3,0.38,143407,1172,25.38,21.33,98.9232,75.8298,97.538,97.496,19001.69,18525.933,113.093,1.38,0.18
74,2016-03-01,238.132,245.913,97.876,5.0,27.2,0.36,143662,1118,25.45,21.39,98.1635,75.2411,97.538,97.496,19001.69,18525.933,111.1849,1.31,0.02
75,2016-04-01,239.261,246.551,98.117,5.1,26.4,0.37,143855,1160,25.53,21.46,98.4775,75.4701,98.157,98.159,19062.709,18711.702,107.3427,1.24,-0.25
76,2016-05-01,240.229,247.137,98.284,4.8,30.0,0.37,143900,1205,25.58,21.47,98.2549,75.2833,98.157,98.159,19062.709,18711.702,104.588,1.32,-0.26
77,2016-06-01,241.018,247.54,98.386,4.9,28.5,0.38,144146,1208,25.62,21.52,98.7315,75.6283,98.157,98.159,19062.709,18711.702,108.1497,1.39,-0.08
78,2016-07-01,240.628,247.829,98.529,4.8,29.8,0.39,144520,1198,25.69,21.58,98.8452,75.6916,98.496,98.41,19197.938,18892.639,107.6099,1.0,-0.43
79,2016-08-01,240.849,248.423,98.703,4.9,30.5,0.4,144662,1201,25.71,21.6,98.7427,75.5879,98.496,98.41,19197.938,18892.639,107.9359,1.06,-0.21
80,2016-09-01,241.428,248.842,98.834,5.0,28.6,0.4,144967,1303,25.77,21.62,98.6552,75.4977,98.496,98.41,19197.938,18892.639,108.0498,1.18,-0.06
81,2016-10-01,241.729,249.142,98.961,4.9,29.0,0.4,145066,1254,25.9,21.71,98.7237,75.5318,98.947,98.886,19304.352,19089.379,108.1443,1.18,-0.29
82,2016-11-01,241.353,249.481,99.005,4.7,28.7,0.41,145183,1230,25.9,21.72,98.3443,75.2309,98.947,98.886,19304.352,19089.379,110.4415,1.3,-0.29
83,2016-12-01,241.432,249.92,99.12,4.7,28.0,0.54,145408,1248,25.93,21.76,99.0406,75.7622,98.947,98.886,19304.352,19089.379,113.229,1.9,0.09
84,2017-01-01,242.839,250.467,99.385,4.7,27.0,0.65,145628,1303,26.0,21.82,98.8158,75.5995,99.524,99.39,19398.343,19280.084,115.3277,1.94,0.08
85,2017-02-01,243.603,250.998,99.561,4.6,28.5,0.66,145848,1234,26.07,21.84,98.4356,75.3306,99.524,99.39,19398.343,19280.084,111.7169,1.93,0.01
86,2017-03-01,243.801,250.944,99.519,4.4,29.2,0.79,145969,1272,26.11,21.88,99.0492,75.8344,99.524,99.39,19398.343,19280.084,113.5662,1.99,0.15
87,2017-04-01,244.524,251.227,99.723,4.4,29.2,0.9,146174,1251,26.17,21.94,100.0416,76.6403,99.724,99.65,19506.949,19438.643,112.7712,1.88,0.15
88,2017-05-01,244.733,251.43,99.803,4.4,28.6,0.91,146380,1208,26.21,21.97,100.128,76.764,99.724,99.65,19506.949,19438.643,112.0089,1.84,0.04
89,2017-06-01,244.955,251.746,99.937,4.3,28.2,1.04,146583,1353,26.26,22.02,100.337,76.9926,99.724,99.65,19506.949,19438.643,110.3018,1.76,0.03
90,2017-07-01,244.786,251.985,100.01,4.3,29.6,1.15,146772,1256,26.35,22.07,100.0865,76.878,100.076,100.162,19660.766,19692.595,108.6306,1.93,0.27
91,2017-08-01,245.519,252.535,100.118,4.4,29.0,1.16,146919,1319,26.37,22.1,99.6323,76.6139,100.076,100.162,19660.766,19692.595,105.2556,1.8,0.18
92,2017-09-01,246.819,252.812,100.24,4.3,27.8,1.15,147007,1273,26.49,22.18,99.7482,76.7906,100.076,100.162,19660.766,19692.595,104.7289,1.73,0.1
93,2017-10-01,246.663,253.526,100.486,4.2,29.6,1.15,147150,1356,26.5,22.18,100.9893,77.8346,100.676,100.778,19882.352,20037.088,105.7067,1.94,0.21
94,2017-11-01,246.669,253.816,100.535,4.2,28.0,1.16,147373,1299,26.54,22.23,101.2493,78.1204,100.676,100.778,19882.352,20037.088,107.5009,2.01,0.3
95,2017-12-01,246.524,254.344,100.683,4.1,29.6,1.3,147523,1311,26.63,22.3,101.4871,78.3837,100.676,100.778,19882.352,20037.088,105.4393,2.13,0.41
96,2018-01-01,247.867,255.204,101.007,4.0,29.0,1.41,147660,1317,26.72,22.36,101.4852,78.4548,101.38,101.419,20044.077,20328.553,104.3337,2.25,0.35
97,2018-02-01,248.991,255.711,101.198,4.1,28.4,1.42,148054,1321,26.74,22.41,101.7319,78.7047,101.38,101.419,20044.077,20328.553,101.1774,2.56,0.63
98,2018-03-01,249.554,256.271,101.419,4.0,31.1,1.51,148280,1385,26.85,22.49,102.1943,79.1096,101.38,101.419,20044.077,20328.553,103.6424,2.58,0.55
99,2018-04-01,250.546,256.63,101.602,4.0,31.2,1.69,148422,1378,26.91,22.55,103.3551,80.0436,101.912,102.136,20150.476,20580.912,103.3484,2.55,0.56
100,2018-05-01,251.588,257.145,101.78,3.8,31.8,1.7,148740,1338,26.98,22.6,102.381,79.3092,101.912,102.136,20150.476,20580.912,105.3835,2.82,0.73
101,2018-06-01,251.989,257.399,101.872,4.0,29.1,1.82,148959,1345,27.03,22.66,103.2256,79.9674,101.912,102.136,20150.476,20580.912,106.7873,2.74,0.68
102,2018-07-01,252.006,257.699,102.006,3.8,29.1,1.91,149020,1334,27.1,22.7,103.3561,80.0561,102.254,102.577,20276.154,20798.73,108.1906,2.75,0.68
103,2018-08-01,252.146,257.891,102.016,3.8,27.7,1.91,149279,1273,27.21,22.78,104.0585,80.5741,102.254,102.577,20276.154,20798.73,107.5576,2.87,0.87
104,2018-09-01,252.439,258.368,102.205,3.7,28.4,1.95,149358,1314,27.32,22.86,104.1038,80.5711,102.254,102.577,20276.154,20798.73,108.5932,2.78,0.79
105,2018-10-01,252.885,258.917,102.366,3.8,29.8,2.19,149526,1272,27.37,22.89,103.9297,80.3884,102.642,103.019,20304.874,20917.867,107.8422,2.96,0.92
106,2018-11-01,252.038,259.439,102.556,3.8,29.6,2.2,149617,1340,27.44,23.0,104.0126,80.3962,102.642,103.019,20304.874,20917.867,109.2513,2.96,1.08
107,2018-12-01,251.233,260.063,102.735,3.9,31.7,2.27,149809,1317,27.56,23.11,104.0451,80.358,102.642,103.019,20304.874,20917.867,109.7786,2.83,1.07
108,2019-01-01,251.712,260.766,102.87,4.0,30.5,2.4,150059,1254,27.59,23.13,103.3598,79.7599,102.851,103.328,20431.641,21111.6,110.3917,2.49,1.0
109,2019-02-01,252.776,261.186,102.963,3.8,28.6,2.4,150065,1286,27.69,23.19,102.8251,79.2768,102.851,103.328,20431.641,21111.6,108.3707,2.51,0.79
110,2019-03-01,254.202,261.567,103.058,3.8,30.0,2.41,150295,1295,27.77,23.29,102.8361,79.2123,102.851,103.328,20431.641,21111.6,109.459,2.56,0.71
111,2019-04-01,255.548,261.997,103.265,3.7,32.0,2.42,150593,1322,27.79,23.33,102.2748,78.7037,103.426,103.862,20602.275,21397.938,110.2401,2.31,0.49
112,2019-05-01,256.092,262.217,103.371,3.6,27.0,2.39,150621,1347,27.88,23.4,102.4176,78.7358,103.426,103.862,20602.275,21397.938,110.4462,2.31,0.48
113,2019-06-01,256.143,262.739,103.56,3.6,30.8,2.38,150839,1299,27.96,23.48,102.5425,78.7532,103.426,103.862,20602.275,21397.938,110.7505,1.83,0.27
114,2019-07-01,256.571,263.28,103.678,3.7,30.2,2.4,150936,1379,28.03,23.53,102.0057,78.2629,103.675,104.192,20843.322,21717.171,109.4677,1.79,0.26
115,2019-08-01,256.558,263.877,103.797,3.6,28.1,2.13,151171,1482,28.14,23.61,102.7814,78.7796,103.675,104.192,20843.322,21717.171,111.2139,1.68,0.21
116,2019-09-01,256.759,264.388,103.873,3.5,30.2,2.04,151365,1469,28.16,23.68,102.4601,78.4615,103.675,104.192,20843.322,21717.171,111.657,1.35,0.06
117,2019-10-01,257.346,264.97,104.028,3.6,29.9,1.83,151460,1523,28.23,23.75,101.5878,77.7295,104.083,104.516,20985.448,21933.217,111.7455,1.51,0.18
118,2019-11-01,257.208,265.548,104.092,3.6,29.2,1.55,151668,1535,28.34,23.83,102.1494,78.1046,104.083,104.516,20985.448,21933.217,109.7839,1.55,0.05
119,2019-12-01,256.974,266.02,104.322,3.6,30.3,1.55,151795,1443,28.38,23.84,101.9421,77.9031,104.083,104.516,20985.448,21933.217,110.7119,1.65,0.11
120,2020-01-01,257.971,266.716,104.488,3.6,29.9,1.55,152031,1495,28.43,23.91,101.3372,77.4105,104.404,104.999,20693.238,21727.657,109.2,1.67,-0.05
121,2020-02-01,258.678,267.37,104.684,3.5,30.9,1.58,152292,1455,28.54,24.03,101.6718,77.6537,104.404,104.999,20693.238,21727.657,110.5139,1.35,-0.21
122,2020-03-01,258.115,267.054,104.596,4.4,25.7,0.65,150895,1346,28.74,24.13,97.606,74.5527,104.404,104.999,20693.238,21727.657,110.2988,0.88,-0.44
123,2020-04-01,256.389,265.746,104.256,14.8,30.7,0.05,130424,1076,30.04,25.14,84.6812,64.6982,103.988,104.612,19056.617,19935.444,113.7487,0.37,-0.19
124,2020-05-01,256.394,265.412,104.37,13.2,70.9,0.05,133040,1250,29.72,24.98,86.0108,65.7487,103.988,104.612,19056.617,19935.444,112.8393,0.36,-0.32
125,2020-06-01,257.797,265.849,104.531,11.0,65.1,0.08,137671,1334,29.38,24.78,91.6745,70.134,103.988,104.612,19056.617,19935.444,111.1764,0.31,-0.53
126,2020-07-01,259.101,267.389,104.9,10.2,31.6,0.09,139255,1546,29.39,24.69,95.0037,72.7591,104.832,105.527,20548.793,21684.551,110.3772,0.31,-0.86
127,2020-08-01,259.918,268.422,105.235,8.4,22.9,0.1,140819,1533,29.5,24.8,95.9294,73.5674,104.832,105.527,20548.793,21684.551,107.1035,0.22,-1.24
128,2020-09-01,260.28,268.933,105.395,7.8,21.6,0.09,141770,1636,29.51,24.82,95.8914,73.6543,104.832,105.527,20548.793,21684.551,105.0818,0.26,-1.39
129,2020-10-01,260.388,269.306,105.47,6.9,21.2,0.09,142461,1613,29.55,24.84,96.5256,74.2728,105.34,106.244,20771.691,22068.767,106.8761,0.27,-1.21
130,2020-11-01,260.229,269.981,105.578,6.7,22.7,0.09,142731,1703,29.64,24.95,96.9529,74.7456,105.34,106.244,20771.691,22068.767,107.2192,0.38,-1.22
131,2020-12-01,260.474,270.341,105.904,6.7,21.7,0.09,142548,1752,29.91,25.17,98.2039,75.8651,105.34,106.244,20771.691,22068.767,104.3385,0.42,-1.3
132,2021-01-01,261.582,270.416,106.244,6.4,24.4,0.09,142913,1855,29.92,25.17,98.8135,76.5008,106.529,107.59,21058.379,22656.793,102.6461,0.36,-1.62
133,2021-02-01,263.014,270.776,106.477,6.2,22.3,0.08,143422,1711,30.07,25.26,95.5072,74.0987,106.529,107.59,21058.379,22656.793,103.6475,0.42,-1.76
134,2021-03-01,264.877,271.453,106.898,6.1,20.3,0.07,144246,1756,30.04,25.35,98.1929,76.3455,106.529,107.59,21058.379,22656.793,103.3862,0.71,-1.69
135,2021-04-01,267.054,273.626,107.549,6.1,20.4,0.07,144611,1721,30.23,25.51,98.3317,76.6187,108.188,109.256,21389.005,23368.861,105.0135,0.9,-1.65
136,2021-05-01,269.195,275.457,108.103,5.8,23.8,0.06,145032,1703,30.41,25.68,99.1867,77.4469,108.188,109.256,21389.005,23368.861,102.7735,0.84,-1.76
137,2021-06-01,271.696,277.608,108.595,5.9,22.9,0.08,145828,1654,30.55,25.81,99.6483,77.9619,108.188,109.256,21389.005,23368.861,101.2941,0.81,-1.79
138,2021-07-01,273.003,278.639,109.062,5.4,21.2,0.1,146759,1658,30.66,25.96,100.0668,78.4327,109.681,110.897,21571.421,23921.991,104.375,0.89,-1.6
139,2021-08-01,273.567,279.021,109.436,5.1,23.1,0.09,147246,1736,30.79,26.11,100.0412,78.5435,109.681,110.897,21571.421,23921.991,104.0974,0.66,-1.85
140,2021-09-01,274.31,279.727,109.657,4.7,22.5,0.08,147712,1640,30.96,26.3,98.9955,77.8344,109.681,110.897,21571.421,23921.991,104.674,0.78,-1.7
141,2021-10-01,276.589,281.649,110.184,4.5,25.7,0.08,148569,1707,31.15,26.46,100.3542,78.9984,111.491,112.826,21960.388,24777.038,106.131,0.93,-1.58
142,2021-11-01,277.948,283.411,110.792,4.2,24.9,0.08,149206,1765,31.25,26.56,101.2684,79.7955,111.491,112.826,21960.388,24777.038,105.4392,1.2,-1.66
143,2021-12-01,278.802,285.221,111.458,3.9,25.1,0.08,149781,1919,31.41,26.76,101.1948,79.7947,111.491,112.826,21960.388,24777.038,107.8896,1.15,-1.55
144,2022-01-01,281.148,286.799,111.988,4.0,24.5,0.08,150006,1920,31.62,26.91,101.2146,79.8471,113.585,115.119,21903.85,25215.491,108.0873,1.37,-1.58
145,2022-02-01,283.716,288.256,112.492,3.8,28.0,0.08,150875,1857,31.66,26.98,101.8458,80.357,113.585,115.119,21903.85,25215.491,108.1369,1.63,-1.17
146,2022-03-01,287.504,289.044,112.916,3.7,28.4,0.2,151346,1868,31.82,27.12,102.6732,80.9989,113.585,115.119,21903.85,25215.491,108.8555,1.56,-1.58
147,2022-04-01,289.109,290.474,113.301,3.7,27.2,0.33,151651,1859,31.96,27.28,102.9024,81.1458,115.672,117.731,21919.222,25805.791,109.4827,2.55,-0.73
148,2022-05-01,292.296,292.039,113.709,3.6,30.2,0.77,151892,1704,32.1,27.4,102.9659,81.1363,115.672,117.731,21919.222,25805.791,114.5291,3.01,-0.2
149,2022-06-01,296.311,294.009,114.376,3.6,25.9,1.21,152353,1737,32.2,27.53,102.8224,80.9375,115.672,117.731,21919.222,25805.791,113.3445,2.94,-0.02
150,2022-07-01,296.276,295.08,114.638,3.5,32.3,1.68,153049,1703,32.35,27.66,103.0505,81.0054,117.014,119.057,22066.784,26272.011,116.1119,2.88,0.28
151,2022-08-01,296.171,296.582,115.298,3.6,30.4,2.33,153286,1557,32.44,27.74,103.1703,80.9637,117.014,119.057,22066.784,26272.011,115.7613,2.66,-0.06
152,2022-09-01,296.808,298.281,115.805,3.5,28.2,2.56,153513,1600,32.55,27.85,103.5326,81.0936,117.014,119.057,22066.784,26272.011,120.1191,3.39,0.87
153,2022-10-01,298.012,299.381,116.2,3.6,30.1,3.08,153913,1594,32.7,28.0,103.4442,80.8551,118.172,120.157,22249.459,26734.277,123.0199,3.9,1.64
154,2022-11-01,297.711,300.316,116.554,3.6,27.9,3.78,154210,1401,32.84,28.12,103.1058,80.4107,118.172,120.157,22249.459,26734.277,122.9073,4.27,1.62
155,2022-12-01,296.797,301.433,116.977,3.5,28.5,4.1,154336,1410,32.96,28.23,101.8266,79.2286,118.172,120.157,22249.459,26734.277,116.6031,3.68,1.23
156,2023-01-01,299.17,302.685,117.526,3.5,31.3,4.33,154780,1410,33.05,28.31,102.7476,79.7542,119.32,121.251,22403.435,27164.359,116.7604,3.94,1.65
157,2023-02-01,300.84,304.097,117.963,3.6,30.8,4.57,155086,1618,33.16,28.43,102.8003,79.6087,119.32,121.251,22403.435,27164.359,113.5862,3.48,1.19
158,2023-03-01,301.836,305.123,118.304,3.5,29.7,4.65,155171,1480,33.28,28.59,102.8143,79.4362,119.32,121.251,22403.435,27164.359,116.4772,4.27,1.68
159,2023-04-01,303.363,306.49,118.715,3.4,34.0,4.83,155387,1474,33.42,28.69,103.2241,79.5726,120.182,121.804,22539.418,27453.815,114.2486,3.52,1.13
160,2023-05-01,304.127,307.623,119.063,3.6,31.2,5.06,155614,1575,33.52,28.78,102.9809,79.2151,120.182,121.804,22539.418,27453.815,114.4676,3.64,1.4
161,2023-06-01,305.109,308.291,119.37,3.6,30.9,5.08,155871,1464,33.69,28.89,102.3809,78.5968,120.182,121.804,22539.418,27453.815,115.4619,3.7,1.63
162,2023-07-01,305.691,308.959,119.536,3.5,29.6,5.12,156019,1522,33.84,29.02,103.0722,78.986,120.983,122.768,22780.933,27967.697,114.4884,4.19,1.98
163,2023-08-01,307.026,309.646,119.658,3.7,30.1,5.33,156176,1561,33.89,29.06,103.0951,78.8773,120.983,122.768,22780.933,27967.697,114.073,4.24,1.98
164,2023-09-01,307.789,310.616,120.04,3.8,32.1,5.33,156334,1537,33.99,29.16,103.3081,78.9282,120.983,122.768,22780.933,27967.697,116.1713,4.29,2.12
165,2023-10-01,307.671,311.433,120.2,3.9,28.3,5.33,156520,1528,34.07,29.27,102.5781,78.2711,121.48,123.241,22960.6,28296.967,118.726,4.72,2.49
166,2023-11-01,307.051,312.373,120.309,3.7,32.8,5.33,156661,1503,34.19,29.38,102.8868,78.4172,121.48,123.241,22960.6,28296.967,119.1322,4.67,2.31
167,2023-12-01,306.746,313.23,120.528,3.8,28.3,5.33,156930,1519,34.31,29.48,102.6309,78.1414,121.48,123.241,22960.6,28296.967,115.2399,4.14,2.02
168,2024-01-01,308.417,314.389,121.128,3.7,30.1,5.33,157049,1545,34.47,29.61,101.483,77.1945,122.507,124.163,23053.545,28624.069,113.8027,3.93,1.76
169,2024-02-01,310.326,315.555,121.418,3.9,30.0,5.33,157271,1577,34.54,29.67,102.7267,78.0707,122.507,124.163,23053.545,28624.069,114.8576,3.8,1.63
170,2024-03-01,312.332,316.762,121.829,3.9,30.8,5.33,157517,1476,34.67,29.8,102.5186,77.8455,122.507,124.163,23053.545,28624.069,116.0484,4.17,1.77
171,2024-04-01,313.548,317.596,122.14,3.9,31.1,5.33,157635,1459,34.75,29.85,102.3568,77.6572,123.275,124.943,23223.906,29016.714,117.0397,4.34,1.93
172,2024-05-01,314.069,318.053,122.239,4.0,29.4,5.33,157828,1407,34.89,29.97,102.9797,78.0627,123.275,124.943,23223.906,29016.714,118.3849,4.64,2.25
173,2024-06-01,314.175,318.343,122.51,4.1,30.8,5.33,157915,1461,35.0,30.07,103.2534,78.1993,123.275,124.943,23223.906,29016.714,116.3463,4.42,2.11
174,2024-07-01,314.54,318.933,122.722,4.2,30.3,5.33,158003,1436,35.07,30.17,102.5192,77.5681,123.747,125.532,23400.294,29374.914,118.0392,4.44,2.15
175,2024-08-01,314.796,319.839,122.926,4.2,28.2,5.33,158074,1476,35.23,30.27,103.0196,77.8658,123.747,125.532,23400.294,29374.914,116.7736,3.84,1.78
176,2024-09-01,315.301,320.835,123.234,4.1,28.9,5.13,158314,1434,35.33,30.38,102.5954,77.4591,123.747,125.532,23400.294,29374.914,113.9572,3.65,1.7
177,2024-10-01,315.664,321.688,123.595,4.1,29.6,4.83,158358,1428,35.48,30.49,102.2138,77.0806,124.478,126.257,23542.349,29723.864,113.2783,3.51,1.44
178,2024-11-01,315.493,322.619,123.716,4.2,28.8,4.64,158619,1508,35.61,30.58,101.9503,76.7875,124.478,126.257,23542.349,29723.864,116.7108,4.22,1.85
179,2024-12-01,315.605,323.296,123.98,4.1,28.9,4.48,158942,1480,35.68,30.67,103.0447,77.5136,124.478,126.257,23542.349,29723.864,118.9178,4.08,1.75
