Date,IPCA,IPCA_Transportes,IPCA Alimentação_bebidas,INPC_Habitação,IPCA_Saúde_cuidados_pessoais,IPCA_Vestuário,IPCA_Educação,IPCA_Despesas_Pessoais,USDBRL,Reservas Internacionais,Desemprego,SELIC,SalMinimo,PIB Mensal,QteOvos,INPC,IGP_M,IGP_DI,IPC_BR,Produção_Derivados_Petróleo,Consumo_Gasolina,Consumo_Óleo_Combustível,Consumo_Energia_Comercial,Consumo_Energia_Residencial,Consumo_Energia_Total,Estoque_Empregos_Formais_Total,Estoque_Empregos_Formais_Agropecuária,Estoque_Empregos_Formais_Construção
2012-03-01,-0.08,0.16,0.25,0.43,0.38,-0.61,0.54,0.55,1.8221,365216,8.0,0.82,622,397757.8,228521,0.18,0.43,0.56,0.6,2169,537,59,7037,10271,38636,38754453,1470766,2910763
2012-04-01,0.55,0.1,0.51,0.73,0.96,0.98,0.04,2.23,1.8918,374272,7.8,0.71,622,385882.7,223914,0.64,0.85,1.02,0.52,2106,531,64,6856,9928,37996,39018063,1495548,2963001
2012-05-01,0.49,-0.58,0.73,0.82,0.66,0.89,-0.01,0.6,2.0223,372409,7.7,0.74,622,401863.7,227051,0.55,1.02,0.91,0.52,2136,527,61,6417,9532,36810,39213837,1549189,2989022
2012-06-01,-0.31,-1.18,0.68,0.24,0.38,0.39,0.06,0.47,2.0213,373910,7.6,0.64,622,395379.2,222387,0.26,0.66,0.69,0.11,2127,538,58,6282,9605,36528,39377064,1614204,3000347
2012-07-01,0.06,-0.03,0.91,0.51,0.36,0.04,0.12,0.91,2.0499,376154,7.5,0.68,622,409024.9,231664,0.43,1.34,1.52,0.22,2116,527,62,6033,9274,35917,39561060,1641519,3034369
2012-08-01,0.44,0.06,0.88,0.17,0.53,0.19,0.51,0.42,2.0372,377221,7.4,0.69,622,418752.4,230366,0.45,1.43,1.29,0.44,2094,559,65,6303,9622,37180,39714548,1626608,3054831
2012-09-01,0.92,-0.08,1.26,0.72,0.32,0.89,0.1,0.73,2.0306,378726,7.1,0.54,622,402671.5,220803,0.63,0.97,0.88,0.54,2006,545,59,6502,9749,37662,39916887,1609285,3073816
2012-10-01,1.0,0.24,1.36,0.36,0.48,1.09,0.05,0.1,2.0313,377753,7.0,0.61,622,431399.9,225089,0.71,0.02,-0.31,0.48,2099,579,75,6592,9788,37796,40007030,1589732,3069421
2012-11-01,0.67,0.68,0.79,0.62,0.32,0.86,0.05,0.53,2.1074,378560,6.8,0.55,622,426614.9,218468,0.54,-0.03,0.25,0.45,2134,557,106,7051,10239,38644,40083187,1557160,3032599
2012-12-01,0.86,0.75,1.03,0.64,0.4,1.11,0.19,1.6,2.0435,373147,6.9,0.55,622,413696.7,222568,0.74,0.68,0.66,0.66,2198,612,91,7080,10133,37765,39580146,1471961,2932265
2013-01-01,1.03,0.75,1.99,-0.32,0.73,-0.53,0.35,1.55,1.9883,373417,7.3,0.6,678,408895.0,229401,0.92,0.34,0.31,1.01,2143,541,121,7202,10925,38367,39655760,1473200,2979780
2013-02-01,0.63,0.81,1.45,-2.44,0.65,0.55,5.4,0.57,1.9754,373742,7.8,0.49,678,398087.4,212779,0.52,0.29,0.2,0.33,2108,537,102,7035,10475,38001,39824608,1466517,3006564
2013-03-01,0.36,-0.09,1.14,0.54,0.32,0.15,0.56,0.54,2.0138,376934,8.1,0.55,678,434631.2,228319,0.6,0.21,0.31,0.72,1946,545,93,7147,10357,38442,40007626,1465308,3040664
2013-04-01,0.24,-0.19,0.96,0.66,1.28,0.65,0.1,0.61,2.0017,378665,7.9,0.61,678,446508.1,225709,0.59,0.15,-0.06,0.52,2016,574,88,7051,10302,38654,40263851,1495347,3085499
2013-05-01,0.24,-0.25,0.31,0.7,0.94,0.84,0.06,0.41,2.1319,374417,7.7,0.6,678,441321.9,229956,0.35,0.0,0.32,0.32,2084,533,95,6833,10242,38345,40375075,1535351,3088988
2013-06-01,0.11,0.14,0.04,0.64,0.36,0.5,0.18,0.4,2.2156,369402,7.5,0.61,678,434750.0,225143,0.28,0.75,0.76,0.35,2195,516,94,6595,10092,37628,40533144,1598868,3098433
2013-07-01,0.11,-0.66,-0.33,0.6,0.34,-0.39,0.11,1.13,2.2903,371966,7.4,0.72,678,452593.1,231799,-0.13,0.26,0.14,-0.17,2067,530,55,6454,10022,37698,40606361,1619885,3108776
2013-08-01,0.39,-0.06,0.01,0.52,0.45,0.08,0.67,0.39,2.3725,367002,7.2,0.71,678,453785.4,233710,0.16,0.15,0.46,0.2,2098,546,55,6601,10280,38613,40768521,1608935,3129519
2013-09-01,0.61,0.44,0.14,0.67,0.46,0.63,0.12,0.2,2.23,368654,7.0,0.71,678,447755.7,227231,0.27,1.5,1.36,0.3,2183,530,73,6760,10251,38525,41026189,1601401,3166872
2013-10-01,0.96,0.17,1.03,0.61,0.39,1.13,0.09,0.43,2.2026,364505,6.8,0.81,678,475721.2,235697,0.61,0.86,0.63,0.55,2166,555,83,7071,10545,39389,41157054,1580236,3170806
2013-11-01,0.5,0.36,0.56,0.67,0.41,0.85,0.08,0.87,2.3249,362410,6.6,0.72,678,470316.2,228892,0.54,0.29,0.28,0.68,2170,563,93,7382,10711,39920,41226415,1545782,3140863
2013-12-01,0.68,1.85,0.89,0.51,0.41,0.8,0.05,1.0,2.3426,358808,6.3,0.79,678,467253.8,231684,0.72,0.6,0.69,0.69,2197,588,83,7572,10706,39556,40718708,1461956,3039589
2014-01-01,0.67,-0.03,0.84,0.58,0.48,-0.15,0.57,1.72,2.4263,360936,6.5,0.85,724,453273.1,234110,0.63,0.48,0.4,0.99,2134,546,90,7745,11798,40280,40781946,1466742,3087924
2014-02-01,0.26,-0.05,0.56,0.75,0.74,-0.4,5.97,0.69,2.3334,362691,6.8,0.79,724,455504.9,218280,0.64,0.38,0.85,0.66,2175,578,110,8204,11879,41543,41083340,1473832,3122101
2014-03-01,0.8,1.38,1.92,0.37,0.43,0.31,0.53,0.79,2.263,363914,7.2,0.77,724,477203.1,235204,0.82,1.67,1.48,0.85,2203,541,101,7744,11289,40246,41118445,1469673,3122531
2014-04-01,0.67,0.32,1.19,0.85,1.01,0.47,0.03,0.31,2.236,366717,7.2,0.82,724,479730.3,230837,0.78,0.78,0.45,0.77,2224,592,110,7588,10780,39550,41251160,1486045,3131137
2014-05-01,0.72,-0.45,0.58,0.69,0.98,0.84,0.13,0.8,2.239,368752,7.1,0.87,724,481273.6,236675,0.6,-0.13,-0.45,0.52,2278,566,102,7304,10877,39100,41337832,1534128,3136771
2014-06-01,0.36,0.37,-0.11,0.58,0.6,0.49,0.02,1.57,2.2025,373516,6.9,0.82,724,461317.9,230856,0.26,-0.74,-0.63,0.33,2338,543,92,6862,10322,37726,41388405,1577183,3127156
2014-07-01,0.27,-0.98,-0.15,1.12,0.5,-0.24,0.04,0.12,2.2674,376792,7.0,0.95,724,486870.2,238941,0.13,-0.61,-0.55,0.1,2365,555,95,6773,10556,37784,41419588,1590288,3133251
2014-08-01,0.11,0.33,-0.15,0.85,0.41,-0.15,0.43,0.09,2.2396,379157,7.0,0.87,724,483776.6,242079,0.18,-0.27,0.06,0.12,2423,564,121,6989,10542,38652,41550492,1583112,3140504
2014-09-01,0.66,0.63,0.78,0.85,0.33,0.57,0.18,0.39,2.451,375513,6.9,0.91,724,491478.6,239075,0.49,0.2,0.02,0.49,2455,594,124,7186,10576,38895,41719318,1577839,3155758
2014-10-01,0.38,0.39,0.46,0.66,0.39,0.62,0.11,0.36,2.4442,375833,6.7,0.95,724,509092.1,242571,0.38,0.28,0.59,0.43,2494,609,112,7615,11141,40100,41702286,1558953,3121090
2014-11-01,0.28,0.43,0.77,0.72,0.42,0.39,0.21,0.48,2.5601,375426,6.6,0.84,724,498553.1,236903,0.53,0.98,1.14,0.65,2457,556,112,7974,11382,40951,41721634,1525696,3070149
2014-12-01,0.62,1.38,1.08,0.45,0.47,0.85,0.07,0.7,2.6562,363551,6.6,0.96,724,500879.4,239343,0.62,0.62,0.38,0.75,2596,637,111,7856,11161,39838,41139398,1459264,2924492
2015-01-01,0.31,1.83,1.48,2.34,0.32,-0.69,0.31,1.68,2.6623,361767,6.9,0.94,788,474633.2,238629,1.48,0.76,0.67,1.73,2568,587,99,8076,12558,40714,41077573,1469559,2920280
2015-02-01,0.59,2.2,0.81,1.21,0.6,-0.6,5.88,0.86,2.8782,362547,7.5,0.82,788,467010.8,224224,1.16,0.27,0.53,0.97,2528,524,103,8090,11780,40672,41090746,1461062,2892248
2015-03-01,0.57,0.46,1.17,5.12,0.69,0.59,0.75,0.36,3.208,362744,8.0,1.04,788,515014.7,243556,1.51,0.98,1.21,1.41,2503,511,97,7908,11098,39719,41126811,1456447,2871817
2015-04-01,0.63,0.11,0.97,0.97,1.32,0.91,0.21,0.51,2.9936,364473,8.1,0.95,788,497149.8,238572,0.71,1.17,0.92,0.61,2484,528,82,7907,10890,39552,41042030,1467570,2845576
2015-05-01,0.79,-0.29,1.37,1.25,1.1,0.61,0.06,0.74,3.1788,366647,8.3,0.99,788,492262.5,241805,0.99,0.41,0.4,0.72,2498,485,79,7364,10542,38159,40932666,1500339,2812136
2015-06-01,0.68,0.7,0.63,0.88,0.91,0.58,0.2,1.63,3.1026,368668,8.4,1.07,788,490557.5,241085,0.77,0.67,0.68,0.82,2485,512,86,7073,10113,37219,40833804,1547353,2786705
2015-07-01,0.5,0.15,0.65,1.37,0.84,-0.31,0.0,0.61,3.394,368252,8.7,1.18,788,507287.8,250059,0.58,0.69,0.58,0.53,2559,507,75,6839,10111,36776,40684447,1574289,2763889
2015-08-01,0.42,-0.27,-0.01,0.23,0.62,0.2,0.82,0.75,3.6467,368159,8.9,1.11,788,501272.7,254103,0.25,0.28,0.4,0.22,2641,487,78,7077,10313,37807,40607127,1571434,2737510
2015-09-01,0.46,0.71,0.24,1.59,0.55,0.5,0.25,0.33,3.9729,361370,9.0,1.11,788,499667.8,247198,0.51,0.95,1.42,0.42,2481,507,82,7161,10437,37786,40519372,1569718,2708049
2015-10-01,0.99,1.72,0.77,0.86,0.55,0.67,0.1,0.57,3.8589,361230,9.1,1.11,788,521343.0,250883,0.77,1.89,1.76,0.76,2496,515,81,7631,11133,39262,40352704,1551629,2654946
2015-11-01,1.14,1.08,1.83,0.68,0.64,0.79,0.22,0.52,3.8506,357016,9.1,1.06,788,514153.5,245555,1.11,1.52,1.19,1.0,2457,497,83,7791,11132,39204,40218802,1528870,2592320
2015-12-01,0.91,1.36,1.5,0.45,0.7,1.15,0.22,0.57,3.9048,356464,9.1,1.16,788,515433.7,251611,0.9,0.49,0.44,0.88,2619,584,77,7852,11084,38626,39604409,1467624,2478491
2016-01-01,0.92,1.77,2.28,0.82,0.81,-0.24,0.31,1.19,4.0428,357507,9.6,1.06,880,482478.1,253051,1.51,1.14,1.53,1.78,2428,492,76,7761,11830,38436,39512136,1476587,2478492
2016-02-01,1.06,0.62,1.06,-0.18,0.94,0.24,5.9,0.77,3.9796,359368,10.3,1.0,880,490206.0,244958,0.95,1.29,0.79,0.76,2412,548,67,7714,11352,38752,39415802,1474338,2459134
2016-03-01,0.89,0.16,1.24,-0.75,0.78,0.69,0.63,0.6,3.5589,357698,11.1,1.16,880,527614.7,259176,0.44,0.51,0.43,0.5,2345,553,59,7798,11316,39474,39301280,1464550,2433113
2016-04-01,0.48,0.03,1.09,-0.33,2.33,0.4,0.2,0.23,3.4508,362201,11.3,1.06,880,520744.6,252340,0.64,0.33,0.36,0.49,2377,547,63,8046,11782,40307,39245458,1473144,2417551
2016-05-01,0.71,-0.58,0.78,1.88,1.62,0.91,0.16,1.35,3.5951,363447,11.3,1.11,880,516214.6,257356,0.98,0.82,1.13,0.64,2587,508,51,7379,10932,38681,39179072,1519136,2387127
2016-06-01,0.56,-0.53,0.71,0.59,0.83,0.32,0.11,0.35,3.2098,364152,11.4,1.16,880,522090.9,251190,0.47,1.69,1.63,0.26,2659,516,54,6848,10614,37585,39091352,1559834,2356776
2016-07-01,0.93,0.4,1.32,-0.26,0.61,-0.38,0.04,0.7,3.239,369340,11.7,1.11,880,522411.3,259346,0.64,0.18,-0.39,0.37,2681,510,43,6686,10381,37293,39007112,1564969,2326957
2016-08-01,0.54,0.27,0.3,0.19,0.8,0.15,0.99,0.96,3.2403,369541,11.9,1.22,880,530544.4,264536,0.31,0.15,0.43,0.32,2714,526,47,6750,10428,37729,38985026,1550947,2303768
2016-09-01,-0.04,-0.1,-0.29,0.7,0.33,0.43,0.18,0.1,3.2462,370417,11.9,1.11,880,524214.8,255715,0.08,0.2,0.03,0.07,2779,549,54,6998,10890,38373,38952757,1542336,2274405
2016-10-01,0.08,0.75,-0.05,0.44,0.43,0.45,0.02,0.01,3.1811,367528,11.9,1.05,880,539822.3,267475,0.17,0.16,0.13,0.34,2725,536,65,7031,10856,38230,38873992,1529782,2237619
2016-11-01,0.12,0.28,-0.2,0.23,0.57,0.2,0.06,0.47,3.3967,365556,12.0,1.04,880,545695.4,263381,0.07,-0.03,0.05,0.17,2720,567,50,7335,11134,38782,38755958,1503613,2183362
2016-12-01,0.32,1.11,0.08,-0.59,0.49,0.32,0.07,1.01,3.2591,365016,12.2,1.12,880,547290.8,269312,0.14,0.54,0.83,0.33,2847,625,58,7526,11357,38788,38277851,1453941,2092648
2017-01-01,0.24,0.77,0.35,0.11,0.55,-0.36,0.29,0.45,3.127,367708,12.7,1.09,937,514653.7,270661,0.42,0.64,0.43,0.69,2801,551,48,7778,11906,39388,38246776,1465373,2093503
2017-02-01,-0.12,0.24,-0.45,0.08,0.65,-0.13,5.04,0.31,3.0993,368981,13.3,0.87,937,510348.4,250989,0.24,0.08,0.06,0.31,2784,582,45,7684,11370,38873,38296405,1471980,2080961
2017-03-01,-0.1,-0.86,0.34,1.23,0.69,-0.12,0.95,0.52,3.1684,370111,13.9,1.05,937,560671.3,268896,0.32,0.01,-0.38,0.47,2647,585,60,7965,12149,40582,38238811,1468995,2071765
2017-04-01,0.01,-0.06,0.58,-1.07,1.0,0.48,0.03,0.09,3.1984,374945,13.7,0.79,937,537465.7,269936,0.08,-1.1,-1.24,0.12,2649,559,49,7697,11135,39466,38313193,1485207,2071340
2017-05-01,0.02,-0.42,-0.35,2.11,0.62,0.98,0.08,0.23,3.2437,376491,13.4,0.93,937,550560.4,278764,0.36,-0.93,-0.51,0.52,2768,561,44,7248,10939,38191,38358037,1533856,2067593
2017-06-01,-0.24,-0.52,-0.5,-0.76,0.46,0.21,0.08,0.33,3.3082,377175,13.1,0.81,937,542703.5,271698,-0.3,-0.67,-0.96,-0.32,2794,576,44,7010,10791,38143,38374888,1572548,2057821
2017-07-01,-0.39,0.34,-0.47,1.65,0.37,-0.42,-0.02,0.36,3.1307,381029,12.9,0.8,937,548635.1,281224,0.17,-0.72,-0.3,0.38,2734,549,50,6655,10429,37309,38425669,1581073,2059942
2017-08-01,-0.34,1.53,-1.07,0.38,0.41,0.29,0.24,0.29,3.1471,381843,12.7,0.8,937,555957.5,285160,-0.03,0.1,0.24,0.13,2676,547,80,6719,10475,37887,38475111,1569493,2062360
2017-09-01,0.0,0.79,-0.41,0.08,0.32,0.28,0.04,0.56,3.168,381244,12.5,0.64,937,544042.6,277524,-0.02,0.47,0.62,-0.02,2766,536,81,7115,11097,39035,38524394,1561316,2063424
2017-10-01,0.03,0.49,-0.05,1.47,0.52,0.71,0.06,0.32,3.2769,380351,12.3,0.64,937,568497.4,288077,0.37,0.2,0.1,0.33,2742,524,87,7309,11175,39383,38611319,1558289,2058946
2017-11-01,-0.13,0.52,-0.38,1.32,0.34,0.1,0.03,0.42,3.2616,381056,12.1,0.57,937,573836.8,282785,0.18,0.52,0.8,0.36,2705,526,72,7491,11462,39863,38606518,1534176,2034790
2017-12-01,0.49,1.23,0.54,-0.36,0.4,0.84,0.15,0.42,3.308,373972,11.9,0.54,937,578106.5,286623,0.26,0.89,0.74,0.21,2731,571,39,7620,11441,39629,38265887,1488206,1976520
2018-01-01,0.01,1.1,0.74,-1.0,0.42,-0.98,0.22,0.22,3.1624,375701,12.3,0.58,954,553172.4,292401,0.23,0.76,0.58,0.69,2724,502,43,7612,11957,40071,38356954,1504255,1994851
2018-02-01,-0.2,0.74,-0.33,0.12,0.38,-0.38,3.89,0.17,3.2449,377035,12.7,0.47,954,539701.4,272981,0.18,0.07,0.15,0.17,2729,514,43,7572,11659,39207,38433985,1501269,1991625
2018-03-01,-0.13,-0.25,0.07,0.13,0.48,0.33,0.28,0.05,3.3238,379577,13.2,0.53,954,589209.2,295614,0.07,0.64,0.56,0.17,2672,537,45,7866,11950,41141,38509103,1484065,2000453
2018-04-01,-0.01,0.0,0.09,0.16,0.91,0.62,0.08,0.12,3.4811,379979,13.0,0.52,954,587154.6,292434,0.21,0.57,0.93,0.34,2714,516,35,7847,11933,40724,38640563,1487867,2017974
2018-05-01,0.02,0.4,0.32,0.95,0.57,0.58,0.06,0.11,3.737,382549,12.8,0.52,954,562318.2,297837,0.43,1.38,1.64,0.41,2718,454,26,7418,11401,39315,38683625,1519227,2021633
2018-06-01,1.39,1.58,2.03,2.64,0.37,-0.16,0.02,0.33,3.8558,379500,12.6,0.52,954,584626.2,289336,1.43,1.87,1.48,1.19,2707,482,30,6885,11066,38234,38692022,1562325,2019973
2018-07-01,0.45,0.49,-0.12,1.44,0.07,-0.6,-0.08,0.31,3.7549,379444,12.4,0.54,954,592540.5,308691,0.25,0.51,0.44,0.17,2690,444,31,6747,10791,38544,38750167,1581010,2032292
2018-08-01,0.01,-1.22,-0.34,0.43,0.53,0.19,0.25,0.36,4.1353,381393,12.3,0.57,954,599084.3,313597,0.0,0.7,0.68,0.07,2614,474,67,6895,10809,39057,38873911,1578898,2045923
2018-09-01,0.2,1.69,0.1,0.37,0.28,-0.02,0.24,0.38,4.0039,380738,12.0,0.47,954,576231.0,302632,0.3,1.52,1.79,0.45,2578,442,58,7031,11130,39079,39024917,1577479,2059354
2018-10-01,0.44,0.92,0.59,0.15,0.27,0.33,0.04,0.25,3.7177,380290,11.9,0.54,954,612130.8,318198,0.4,0.89,0.26,0.48,2717,452,33,7431,11527,40428,39091522,1564597,2059879
2018-11-01,-0.61,-0.74,0.39,-0.78,-0.71,-0.43,0.04,0.36,3.8633,379722,11.7,0.49,954,607600.5,308724,-0.25,-0.49,-1.14,-0.17,2671,462,34,7574,11759,40441,39154690,1540154,2044605
2018-12-01,0.13,-0.54,0.44,-0.17,0.32,1.14,0.21,0.29,3.8748,374715,11.7,0.49,954,600371.9,314748,0.14,-1.08,-0.45,0.29,2794,512,34,7783,11719,40056,38812332,1490437,1987923
2019-01-01,0.12,0.02,0.9,0.16,0.26,-1.15,0.12,0.61,3.6519,376984,12.2,0.54,998,578910.8,318001,0.36,0.01,0.07,0.57,2730,463,31,8125,12938,41810,38856998,1499024,2005543
2019-02-01,0.02,-0.34,0.78,0.32,0.49,-0.33,3.53,0.18,3.7385,378448,12.6,0.49,998,576654.9,293380,0.54,0.88,1.25,0.35,2582,485,39,8209,12627,41325,39049501,1497684,2018542
2019-03-01,0.51,1.44,1.37,0.32,0.42,0.45,0.32,0.16,3.8967,384165,12.8,0.47,998,601987.8,317665,0.77,1.26,1.07,0.65,2655,461,33,8055,12384,41310,39010889,1487985,2011913
2019-04-01,0.36,0.94,0.63,0.3,1.51,0.18,0.09,0.17,3.9453,383799,12.6,0.52,998,613133.1,316551,0.6,0.92,0.9,0.63,2700,489,35,7782,11569,39886,39147273,1503747,2028523
2019-05-01,0.14,0.07,-0.56,1.0,0.59,0.34,-0.04,0.16,3.9407,386162,12.4,0.54,998,616054.5,320459,0.15,0.45,0.4,0.22,2834,465,32,7768,11927,40658,39187947,1542962,2038188
2019-06-01,0.11,-0.31,-0.25,0.03,0.64,0.3,0.14,0.15,3.8322,388092,12.1,0.47,998,597573.6,310804,0.01,0.8,0.63,-0.02,2654,452,28,7141,11050,38612,39247477,1568037,2051869
2019-07-01,-0.17,-0.17,0.01,1.2,-0.2,-0.52,0.04,0.44,3.7649,385730,12.0,0.57,998,632358.3,325824,0.1,0.4,-0.01,0.31,2877,478,34,6915,10952,38508,39299102,1573531,2072766
2019-08-01,0.09,-0.39,-0.35,1.18,-0.03,0.23,0.16,0.31,4.1385,386478,11.9,0.5,998,630297.3,327973,0.12,-0.67,-0.51,0.17,3097,482,31,6946,10987,38836,39426933,1570416,2090985
2019-09-01,0.14,0.0,-0.43,0.04,0.58,0.27,0.04,0.04,4.1644,376434,11.9,0.46,998,617954.6,320025,-0.05,-0.01,0.5,0.0,3038,473,32,7244,11379,39467,39588967,1574731,2109461
2019-10-01,0.36,0.45,0.05,-0.6,0.4,0.63,0.03,0.2,4.0041,369836,11.8,0.48,998,649366.8,333124,0.04,0.68,0.55,-0.09,3075,492,33,7755,11973,41284,39663125,1566670,2116333
2019-11-01,0.79,0.3,0.72,0.72,0.21,0.35,0.08,1.24,4.224,366376,11.3,0.38,998,637674.9,327260,0.54,0.3,0.85,0.49,3203,493,32,8095,12424,41995,39763722,1546892,2108095
2019-12-01,1.94,1.54,3.38,-0.86,0.42,0.0,0.2,0.92,4.0307,356884,11.1,0.37,998,637164.3,331071,1.22,2.09,1.74,0.77,3216,528,30,8048,12201,40945,39456411,1503476,2058633
2020-01-01,-0.28,0.32,0.39,0.45,-0.32,-0.48,0.16,0.35,4.2695,359394,11.4,0.38,1039,614690.5,328200,0.19,0.48,0.09,0.59,3283,469,31,8020,12909,41333,39568519,1520149,2093480
2020-02-01,0.02,-0.23,0.11,-0.41,0.73,-0.73,3.7,0.31,4.4987,362460,11.8,0.29,1045,618367.9,313847,0.17,-0.04,0.01,-0.01,3078,488,30,8039,12383,40999,39785851,1522240,2118457
2020-03-01,0.14,-0.9,1.13,0.12,0.21,0.21,0.59,-0.23,5.1987,343165,12.4,0.34,1045,635036.1,332509,0.18,1.24,1.64,0.34,3073,399,31,7816,12432,41145,39490866,1514824,2099705
2020-04-01,-0.25,-2.66,1.79,-0.14,-0.22,0.1,0.0,-0.14,5.427,339317,12.7,0.28,1045,568256.2,322260,-0.23,0.8,0.05,-0.18,3060,350,33,6388,12318,37264,38509486,1506472,2025190
2020-05-01,0.05,-1.9,0.24,-0.29,-0.1,-0.58,0.02,-0.04,5.4263,345706,13.1,0.24,1045,576737.3,327822,-0.25,0.28,1.07,-0.54,2860,370,33,5774,11756,36128,38111239,1521466,2001285
2020-06-01,0.43,0.31,0.38,0.1,0.35,-0.46,0.05,-0.05,5.476,348781,13.6,0.21,1045,607730.1,327205,0.3,1.56,1.6,0.36,3117,417,27,5611,11396,35775,38057831,1559227,2015884
2020-07-01,0.63,0.78,0.01,0.94,0.44,-0.52,-0.12,-0.11,5.2033,354664,14.1,0.19,1045,644069.1,340544,0.44,2.23,2.34,0.49,3181,442,29,5935,11707,37873,38166290,1580513,2055310
2020-08-01,0.71,0.82,0.78,0.39,0.5,-0.78,-3.47,-0.01,5.4713,356092,14.8,0.16,1045,637173.3,341405,0.36,2.74,3.87,0.53,3191,434,29,6250,11852,39246,38380873,1588119,2105306
2020-09-01,1.51,0.7,2.28,0.46,-0.64,0.37,-0.09,0.09,5.6407,356606,14.9,0.16,1045,648081.0,337390,0.87,4.34,3.3,0.82,3005,479,24,6666,12240,40355,38680592,1593434,2152150
2020-10-01,1.71,1.19,1.93,0.38,0.28,1.11,-0.04,0.19,5.7718,354546,14.6,0.16,1045,674198.4,334160,0.89,3.23,3.68,0.65,2962,502,40,7353,13090,42877,39046568,1589091,2187583
2020-11-01,1.61,1.33,2.54,0.46,-0.13,0.07,-0.02,0.01,5.3317,356004,14.4,0.15,1045,679743.5,325920,0.95,3.28,2.64,0.94,2844,492,58,7150,12778,41418,39422847,1569443,2204157
2020-12-01,1.58,1.36,1.74,3.12,0.4,0.59,0.48,0.65,5.1967,355620,14.2,0.16,1045,705513.6,335876,1.46,0.96,0.76,1.07,2822,551,50,7520,13313,42167,39266227,1540403,2153377
2021-01-01,0.63,0.41,1.02,-1.15,0.32,-0.07,0.13,0.39,5.4759,355416,14.5,0.15,1100,679766.2,336251,0.27,2.58,2.91,0.27,2969,471,59,7654,13654,43071,39520639,1576845,2197892
2021-02-01,0.73,2.28,0.27,0.52,0.62,0.38,2.48,0.17,5.5302,356070,14.6,0.13,1100,707097.5,313625,0.82,2.53,2.71,0.54,2917,454,42,7531,12876,41480,39918442,1601749,2243375
2021-03-01,0.59,3.81,0.13,0.86,-0.02,0.29,-0.52,0.04,5.6973,347413,14.9,0.2,1100,769806.4,346913,0.86,2.94,2.17,1.0,2939,418,38,8034,13256,43660,40072613,1605107,2267741
2021-04-01,0.47,-0.08,0.4,0.35,1.19,0.47,0.04,0.01,5.4036,350996,14.8,0.21,1100,737649.9,335169,0.38,1.51,2.22,0.23,3068,419,34,7287,13359,42651,40162857,1615373,2290057
2021-05-01,0.98,1.15,0.44,1.91,0.76,0.92,0.06,0.21,5.2322,353448,14.7,0.27,1100,731491.2,337423,0.96,4.1,3.4,0.81,3020,458,35,6838,11974,40782,40429495,1653640,2312399
2021-06-01,0.8,0.41,0.43,1.12,0.51,1.21,0.05,0.29,5.0022,352486,14.2,0.31,1100,734497.7,325862,0.6,0.6,0.11,0.64,2989,489,71,6781,12000,40427,40747605,1692992,2336558
2021-07-01,0.56,1.52,0.6,3.17,-0.65,0.53,0.18,0.45,5.1216,355671,13.7,0.36,1100,765625.7,339256,1.02,0.78,1.45,0.92,3126,521,71,6611,11701,40188,41054602,1718686,2367203
2021-08-01,1.08,1.46,1.39,0.69,-0.04,1.02,0.28,0.64,5.1433,370395,13.1,0.43,1100,767695.0,341613,0.88,0.66,-0.14,0.71,3072,508,79,6843,11837,40901,41442436,1729266,2402645
2021-09-01,1.1,1.82,1.02,2.83,0.39,0.31,-0.01,0.56,5.4394,368886,12.6,0.44,1100,762530.3,334149,1.2,-0.64,-0.55,1.43,3086,535,84,7275,12596,41948,41772585,1740298,2429591
2021-10-01,1.22,2.62,1.17,1.14,0.39,1.8,0.06,0.75,5.643,367927,12.1,0.49,1100,772517.5,334978,1.16,0.64,1.6,0.77,2871,530,76,7489,12538,42587,42025408,1734053,2445369
2021-11-01,0.58,3.35,-0.04,1.02,-0.57,0.95,0.02,0.57,5.6199,367772,11.6,0.59,1100,788141.9,332671,0.84,0.02,-0.58,1.08,2954,526,69,7485,12378,41863,42339575,1714598,2453678
2021-12-01,1.58,0.58,0.84,0.64,0.75,2.06,0.05,0.56,5.5805,362204,11.1,0.77,1100,795322.7,334602,0.73,0.87,1.25,0.57,2935,603,42,7959,13085,42916,42048234,1686604,2398668
2022-01-01,1.15,-0.11,1.11,0.17,0.36,1.07,0.25,0.78,5.3574,358398,11.2,0.73,1212,723736.9,337476,0.67,1.82,2.01,0.49,3130,485,32,7969,13064,42580,42215692,1712196,2435829
2022-02-01,0.95,0.46,1.28,0.47,0.47,0.88,5.61,0.64,5.1394,357740,11.2,0.76,1212,753380.0,313382,1.0,1.83,1.5,0.28,3007,545,32,7979,12920,41844,42569153,1730115,2475610
2022-03-01,1.4,3.02,2.42,1.24,0.88,1.82,0.15,0.59,4.7378,353169,11.1,0.93,1212,842411.3,344080,1.71,1.74,2.37,1.35,3084,489,30,8403,13921,44617,42668310,1711291,2494542
2022-04-01,1.42,1.91,2.06,-1.2,1.77,1.26,0.06,0.48,4.9191,345097,10.5,0.83,1212,832097.1,336637,1.04,1.41,0.41,1.08,3094,499,30,8229,12872,43258,42873859,1711173,2520032
2022-05-01,1.04,1.34,0.48,-1.65,1.01,2.11,0.04,0.52,4.7289,346415,9.8,1.03,1212,841746.7,344657,0.45,0.52,0.69,0.5,2961,508,33,7602,12277,42052,43151673,1739422,2553883
2022-06-01,0.5,0.57,0.8,0.53,1.24,1.67,0.09,0.49,5.238,341958,9.3,1.02,1212,843637.7,336203,0.62,0.59,0.62,0.67,2915,485,32,7153,11916,40933,43436931,1775481,2584191
2022-07-01,0.24,-4.51,1.3,-0.83,0.49,0.58,0.06,1.13,5.1884,346403,9.1,1.03,1212,869133.2,343957,-0.6,0.21,-0.38,-1.19,3057,528,30,7158,11977,41233,43662281,1791704,2616542
2022-08-01,0.74,-3.37,0.24,-0.07,1.31,1.69,0.61,0.54,5.179,339664,8.9,1.17,1212,873862.3,351389,-0.31,-0.7,-0.55,-0.57,3175,568,33,7308,12076,42121,43951133,1799728,2652451
2022-09-01,0.02,-1.98,-0.51,0.72,0.57,1.77,0.12,0.95,5.4066,327580,8.7,1.07,1212,858186.5,341185,-0.32,-0.95,-1.22,0.02,3246,583,36,7393,12505,42318,44229599,1809416,2684146
2022-10-01,0.8,0.58,0.72,0.4,1.16,1.22,0.18,0.57,5.257,325546,8.3,1.02,1212,880537.5,353055,0.47,-0.97,-0.62,0.69,3334,574,34,7482,12605,42519,44389963,1807578,2689090
2022-11-01,0.32,0.83,0.53,0.43,0.02,1.1,0.02,0.21,5.2941,331505,8.1,1.02,1212,880820.2,345984,0.38,-0.56,-0.18,0.57,3179,575,33,7738,12950,42708,44517880,1788635,2668826
2022-12-01,1.08,0.21,0.66,0.26,1.6,1.52,0.19,0.62,5.2177,324703,7.9,1.12,1212,880127.5,350614,0.69,0.45,0.31,0.35,3167,657,31,8080,13689,43226,44062809,1750307,2591673
2023-01-01,0.24,0.55,0.59,0.19,0.16,-0.27,0.36,0.76,5.0993,331122,8.4,1.12,1302,811941.5,352466,0.46,0.21,0.06,0.8,3355,557,32,8066,13070,42540,44152891,1774755,2630734
2023-02-01,0.38,0.37,0.16,0.9,1.26,-0.24,6.28,0.44,5.2078,328098,8.6,0.92,1302,829763.0,326468,0.77,-0.06,0.04,0.34,3342,621,34,8188,13731,43021,44405387,1791180,2653257
2023-03-01,0.07,2.11,0.05,0.54,0.82,0.31,0.1,0.38,5.0804,341158,8.8,1.17,1302,939313.6,356903,0.64,0.05,-0.34,0.74,3193,577,34,8605,14366,45723,44600312,1789750,2685773
2023-04-01,0.26,0.56,0.71,0.46,1.49,0.79,0.09,0.18,5.0007,345725,8.5,0.92,1302,909689.3,347007,0.53,-0.95,-1.01,0.5,3220,563,29,8540,13703,44885,44782250,1790989,2712845
2023-05-01,0.06,-0.57,0.16,0.78,0.93,0.47,0.05,0.64,5.0959,343489,8.3,1.12,1320,912415.4,361313,0.36,-1.84,-2.33,0.08,3286,619,31,7840,13079,43165,44938434,1810623,2740458
2023-06-01,-0.76,-0.41,-0.66,0.51,0.11,0.35,0.06,0.36,4.8192,343620,8.0,1.07,1320,905475.2,349427,-0.1,-1.93,-1.45,-0.1,3444,588,33,7601,12839,42658,45094115,1838204,2761182
2023-07-01,-0.09,1.5,-0.46,-1.16,0.26,-0.24,0.13,0.38,4.7415,345476,7.9,1.07,1320,921296.6,361763,-0.09,-0.72,-0.4,0.07,3594,561,31,7299,12583,42015,45236324,1851419,2786406
2023-08-01,0.01,0.34,-0.85,1.22,0.58,0.54,0.69,0.38,4.9219,344177,7.8,1.14,1320,932293.5,368889,0.2,-0.14,0.05,-0.22,3541,577,31,7679,12999,43431,45456072,1856522,2814292
2023-09-01,-0.32,1.4,-0.71,0.44,0.04,0.38,0.05,0.45,5.0076,340324,7.7,0.97,1320,915855.3,355788,0.11,0.37,0.45,0.27,3758,566,33,8012,13685,44478,45660716,1862482,2834070
2023-10-01,0.24,0.35,0.31,0.01,0.32,0.45,0.05,0.27,5.0575,340247,7.6,1.0,1320,953945.2,361080,0.12,0.5,0.51,0.45,3613,550,32,8426,14420,46075,45847744,1860849,2844724
2023-11-01,-0.12,0.27,0.63,0.42,0.08,-0.35,0.02,0.58,4.9355,348406,7.5,0.92,1320,961832.7,353369,0.1,0.59,0.5,0.27,3760,562,37,8639,14941,46666,45969092,1839343,2825393
2023-12-01,0.59,0.48,1.11,0.34,0.35,0.7,0.24,0.48,4.8413,355034,7.4,0.89,1320,949523.3,356329,0.55,0.74,0.64,0.29,3668,610,36,9019,15319,47223,45517275,1785470,2748069
2024-01-01,0.67,-0.65,1.38,0.16,0.83,0.14,0.33,0.82,4.9535,355066,7.6,0.97,1412,888790.3,373737,0.57,0.07,-0.27,0.61,3601,550,34,8941,15424,46844,45690259,1807943,2795138
2024-02-01,0.42,0.72,0.95,0.31,0.65,-0.44,4.98,0.05,4.9833,352705,7.8,0.8,1412,898926.8,356022,0.81,-0.52,-0.41,0.55,3529,517,33,8895,15202,46322,45997819,1811630,2829839
2024-03-01,0.05,-0.33,0.53,0.15,0.43,0.03,0.14,0.33,4.9962,355008,7.9,0.83,1412,965482.7,373021,0.19,-0.47,-0.3,0.1,3431,537,35,9107,15616,47837,46243207,1805727,2858059
2024-04-01,0.23,0.14,0.7,-0.12,1.16,0.55,0.05,0.1,5.1718,351599,7.5,0.89,1412,989619.6,385750,0.37,0.31,0.72,0.42,3271,561,31,9044,14950,47351,46483093,1812507,2889181
2024-05-01,0.27,0.44,0.62,0.62,0.69,0.5,0.09,0.22,5.2416,355560,7.1,0.83,1412,961853.7,395025,0.46,0.89,0.87,0.53,3397,540,28,8747,14835,47050,46622496,1833194,2908004
2024-06-01,0.13,-0.19,0.44,0.29,0.54,0.02,0.06,0.29,5.5589,357827,6.9,0.79,1412,969756.1,385224,0.25,0.81,0.5,0.22,3492,538,27,8337,13920,45556,46828653,1860798,2929199
2024-07-01,0.14,1.82,-1.0,0.75,0.22,-0.02,0.08,0.52,5.6621,363282,6.8,0.91,1412,1007672.7,405619,0.26,0.61,0.83,0.54,3309,558,28,7742,13374,44808,47020046,1867986,2948810
2024-08-01,0.38,0.0,-0.44,-0.6,0.25,0.39,0.73,0.25,5.6562,369214,6.6,0.87,1412,993542.6,403516,-0.14,0.29,0.12,-0.16,3418,564,32,7926,13745,45892,47259394,1870006,2962658
2024-09-01,0.59,0.14,0.5,1.93,0.46,0.18,0.05,-0.31,5.4481,372016,6.4,0.84,1412,988698.1,392775,0.48,0.62,1.03,0.63,3546,559,34,8130,14217,46300,47512058,1868250,2979732
2024-10-01,0.78,-0.38,1.06,1.61,0.38,0.37,0.04,0.7,5.7779,366096,6.2,0.93,1412,1050277.4,407224,0.61,1.52,1.54,0.3,3341,572,30,8663,15081,47795,47644446,1862773,2978819
2024-11-01,1.07,0.89,1.55,-1.64,-0.06,-0.12,-0.04,1.43,6.0535,363003,6.1,0.79,1412,1027050.4,395346,0.33,1.3,1.18,-0.13,3383,560,30,8714,14840,47325,47751433,1843498,2948363
2024-12-01,1.19,0.67,1.18,-0.59,0.38,1.14,0.11,0.62,6.1923,329730,6.2,0.93,1412,1003039.7,401265,0.48,0.94,0.87,0.31,3488,597,22,8761,15228,47149,47202061,1796620,2857675
